File,Class
1_1.mat,0
1_2.mat,0
1_3.mat,0
1_4.mat,0
1_5.mat,0
1_6.mat,0
1_7.mat,0
1_8.mat,0
1_9.mat,0
1_10.mat,0
1_11.mat,0
1_12.mat,0
1_13.mat,0
1_14.mat,0
1_15.mat,0
1_16.mat,0
1_17.mat,0
1_18.mat,0
1_19.mat,0
1_20.mat,0
1_21.mat,0
1_22.mat,0
1_23.mat,0
1_24.mat,0
1_25.mat,0
1_26.mat,0
1_27.mat,0
1_28.mat,0
1_29.mat,0
1_30.mat,0
1_31.mat,0
1_32.mat,0
1_33.mat,0
1_34.mat,0
1_35.mat,0
1_36.mat,0
1_37.mat,0
1_38.mat,0
1_39.mat,0
1_40.mat,0
1_41.mat,0
1_42.mat,0
1_43.mat,0
1_44.mat,0
1_45.mat,0
1_46.mat,0
1_47.mat,0
1_48.mat,0
1_49.mat,0
1_50.mat,0
1_51.mat,0
1_52.mat,0
1_53.mat,0
1_54.mat,0
1_55.mat,0
1_56.mat,0
1_57.mat,0
1_58.mat,0
1_59.mat,0
1_60.mat,0
1_61.mat,0
1_62.mat,0
1_63.mat,0
1_64.mat,0
1_65.mat,0
1_66.mat,0
1_67.mat,0
1_68.mat,0
1_69.mat,0
1_70.mat,0
1_71.mat,0
1_72.mat,0
1_73.mat,0
1_74.mat,0
1_75.mat,0
1_76.mat,0
1_77.mat,0
1_78.mat,0
1_79.mat,0
1_80.mat,0
1_81.mat,0
1_82.mat,0
1_83.mat,0
1_84.mat,0
1_85.mat,0
1_86.mat,0
1_87.mat,0
1_88.mat,0
1_89.mat,0
1_90.mat,0
1_91.mat,0
1_92.mat,0
1_93.mat,0
1_94.mat,0
1_95.mat,0
1_96.mat,0
1_97.mat,0
1_98.mat,0
1_99.mat,0
1_100.mat,0
1_101.mat,0
1_102.mat,0
1_103.mat,0
1_104.mat,0
1_105.mat,0
1_106.mat,0
1_107.mat,0
1_108.mat,0
1_109.mat,0
1_110.mat,0
1_111.mat,0
1_112.mat,0
1_113.mat,0
1_114.mat,0
1_115.mat,0
1_116.mat,0
1_117.mat,0
1_118.mat,0
1_119.mat,0
1_120.mat,0
1_121.mat,0
1_122.mat,0
1_123.mat,0
1_124.mat,0
1_125.mat,0
1_126.mat,0
1_127.mat,0
1_128.mat,0
1_129.mat,0
1_130.mat,0
1_131.mat,0
1_132.mat,0
1_133.mat,0
1_134.mat,0
1_135.mat,0
1_136.mat,0
1_137.mat,0
1_138.mat,0
1_139.mat,0
1_140.mat,0
1_141.mat,0
1_142.mat,0
1_143.mat,0
1_144.mat,0
1_145.mat,0
1_146.mat,0
1_147.mat,0
1_148.mat,0
1_149.mat,0
1_150.mat,0
1_151.mat,0
1_152.mat,0
1_153.mat,0
1_154.mat,0
1_155.mat,0
1_156.mat,0
1_157.mat,0
1_158.mat,0
1_159.mat,0
1_160.mat,0
1_161.mat,0
1_162.mat,0
1_163.mat,0
1_164.mat,0
1_165.mat,0
1_166.mat,0
1_167.mat,0
1_168.mat,0
1_169.mat,0
1_170.mat,0
1_171.mat,0
1_172.mat,0
1_173.mat,0
1_174.mat,0
1_175.mat,0
1_176.mat,0
1_177.mat,0
1_178.mat,0
1_179.mat,0
1_180.mat,0
1_181.mat,0
1_182.mat,0
1_183.mat,0
1_184.mat,0
1_185.mat,0
1_186.mat,0
1_187.mat,0
1_188.mat,0
1_189.mat,0
1_190.mat,0
1_191.mat,0
1_192.mat,0
1_193.mat,0
1_194.mat,0
1_195.mat,0
1_196.mat,0
1_197.mat,0
1_198.mat,0
1_199.mat,0
1_200.mat,0
1_201.mat,0
1_202.mat,0
1_203.mat,0
1_204.mat,0
1_205.mat,0
1_206.mat,0
1_207.mat,0
1_208.mat,0
1_209.mat,0
1_210.mat,0
1_211.mat,0
1_212.mat,0
1_213.mat,0
1_214.mat,0
1_215.mat,0
1_216.mat,0
1_217.mat,0
1_218.mat,0
1_219.mat,0
1_220.mat,0
1_221.mat,0
1_222.mat,0
1_223.mat,0
1_224.mat,0
1_225.mat,0
1_226.mat,0
1_227.mat,0
1_228.mat,0
1_229.mat,0
1_230.mat,0
1_231.mat,0
1_232.mat,0
1_233.mat,0
1_234.mat,0
1_235.mat,0
1_236.mat,0
1_237.mat,0
1_238.mat,0
1_239.mat,0
1_240.mat,0
1_241.mat,0
1_242.mat,0
1_243.mat,0
1_244.mat,0
1_245.mat,0
1_246.mat,0
1_247.mat,0
1_248.mat,0
1_249.mat,0
1_250.mat,0
1_251.mat,0
1_252.mat,0
1_253.mat,0
1_254.mat,0
1_255.mat,0
1_256.mat,0
1_257.mat,0
1_258.mat,0
1_259.mat,0
1_260.mat,0
1_261.mat,0
1_262.mat,0
1_263.mat,0
1_264.mat,0
1_265.mat,0
1_266.mat,0
1_267.mat,0
1_268.mat,0
1_269.mat,0
1_270.mat,0
1_271.mat,0
1_272.mat,0
1_273.mat,0
1_274.mat,0
1_275.mat,0
1_276.mat,0
1_277.mat,0
1_278.mat,0
1_279.mat,0
1_280.mat,0
1_281.mat,0
1_282.mat,0
1_283.mat,0
1_284.mat,0
1_285.mat,0
1_286.mat,0
1_287.mat,0
1_288.mat,0
1_289.mat,0
1_290.mat,0
1_291.mat,0
1_292.mat,0
1_293.mat,0
1_294.mat,0
1_295.mat,0
1_296.mat,0
1_297.mat,0
1_298.mat,0
1_299.mat,0
1_300.mat,0
1_301.mat,0
1_302.mat,0
1_303.mat,0
1_304.mat,0
1_305.mat,0
1_306.mat,0
1_307.mat,0
1_308.mat,0
1_309.mat,0
1_310.mat,0
1_311.mat,0
1_312.mat,0
1_313.mat,0
1_314.mat,0
1_315.mat,0
1_316.mat,0
1_317.mat,0
1_318.mat,0
1_319.mat,0
1_320.mat,0
1_321.mat,0
1_322.mat,0
1_323.mat,0
1_324.mat,0
1_325.mat,0
1_326.mat,0
1_327.mat,0
1_328.mat,0
1_329.mat,0
1_330.mat,0
1_331.mat,0
1_332.mat,0
1_333.mat,0
1_334.mat,0
1_335.mat,0
1_336.mat,0
1_337.mat,0
1_338.mat,0
1_339.mat,0
1_340.mat,0
1_341.mat,0
1_342.mat,0
1_343.mat,0
1_344.mat,0
1_345.mat,0
1_346.mat,0
1_347.mat,0
1_348.mat,0
1_349.mat,0
1_350.mat,0
1_351.mat,0
1_352.mat,0
1_353.mat,0
1_354.mat,0
1_355.mat,0
1_356.mat,0
1_357.mat,0
1_358.mat,0
1_359.mat,0
1_360.mat,0
1_361.mat,0
1_362.mat,0
1_363.mat,0
1_364.mat,0
1_365.mat,0
1_366.mat,0
1_367.mat,0
1_368.mat,0
1_369.mat,0
1_370.mat,0
1_371.mat,0
1_372.mat,0
1_373.mat,0
1_374.mat,0
1_375.mat,0
1_376.mat,0
1_377.mat,0
1_378.mat,0
1_379.mat,0
1_380.mat,0
1_381.mat,0
1_382.mat,0
1_383.mat,0
1_384.mat,0
1_385.mat,0
1_386.mat,0
1_387.mat,0
1_388.mat,0
1_389.mat,0
1_390.mat,0
1_391.mat,0
1_392.mat,0
1_393.mat,0
1_394.mat,0
1_395.mat,0
1_396.mat,0
1_397.mat,0
1_398.mat,0
1_399.mat,0
1_400.mat,0
1_401.mat,0
1_402.mat,0
1_403.mat,0
1_404.mat,0
1_405.mat,0
1_406.mat,0
1_407.mat,0
1_408.mat,0
1_409.mat,0
1_410.mat,0
1_411.mat,0
1_412.mat,0
1_413.mat,0
1_414.mat,0
1_415.mat,0
1_416.mat,0
1_417.mat,0
1_418.mat,0
1_419.mat,0
1_420.mat,0
1_421.mat,0
1_422.mat,0
1_423.mat,0
1_424.mat,0
1_425.mat,0
1_426.mat,0
1_427.mat,0
1_428.mat,0
1_429.mat,0
1_430.mat,0
1_431.mat,0
1_432.mat,0
1_433.mat,0
1_434.mat,0
1_435.mat,0
1_436.mat,0
1_437.mat,0
1_438.mat,0
1_439.mat,0
1_440.mat,0
1_441.mat,0
1_442.mat,0
1_443.mat,0
1_444.mat,0
1_445.mat,0
1_446.mat,0
1_447.mat,0
1_448.mat,0
1_449.mat,0
1_450.mat,0
1_451.mat,0
1_452.mat,0
1_453.mat,0
1_454.mat,0
1_455.mat,0
1_456.mat,0
1_457.mat,0
1_458.mat,0
1_459.mat,0
1_460.mat,0
1_461.mat,0
1_462.mat,0
1_463.mat,0
1_464.mat,0
1_465.mat,0
1_466.mat,0
1_467.mat,0
1_468.mat,0
1_469.mat,0
1_470.mat,0
1_471.mat,0
1_472.mat,0
1_473.mat,0
1_474.mat,0
1_475.mat,0
1_476.mat,0
1_477.mat,0
1_478.mat,0
1_479.mat,0
1_480.mat,0
1_481.mat,0
1_482.mat,0
1_483.mat,0
1_484.mat,0
1_485.mat,0
1_486.mat,0
1_487.mat,0
1_488.mat,0
1_489.mat,0
1_490.mat,0
1_491.mat,0
1_492.mat,0
1_493.mat,0
1_494.mat,0
1_495.mat,0
1_496.mat,0
1_497.mat,0
1_498.mat,0
1_499.mat,0
1_500.mat,0
1_501.mat,0
1_502.mat,0
1_503.mat,0
1_504.mat,0
1_505.mat,0
1_506.mat,0
1_507.mat,0
1_508.mat,0
1_509.mat,0
1_510.mat,0
1_511.mat,0
1_512.mat,0
1_513.mat,0
1_514.mat,0
1_515.mat,0
1_516.mat,0
1_517.mat,0
1_518.mat,0
1_519.mat,0
1_520.mat,0
1_521.mat,0
1_522.mat,0
1_523.mat,0
1_524.mat,0
1_525.mat,0
1_526.mat,0
1_527.mat,0
1_528.mat,0
1_529.mat,0
1_530.mat,0
1_531.mat,0
1_532.mat,0
1_533.mat,0
1_534.mat,0
1_535.mat,0
1_536.mat,0
1_537.mat,0
1_538.mat,0
1_539.mat,0
1_540.mat,0
1_541.mat,0
1_542.mat,0
1_543.mat,0
1_544.mat,0
1_545.mat,0
1_546.mat,0
1_547.mat,0
1_548.mat,0
1_549.mat,0
1_550.mat,0
1_551.mat,0
1_552.mat,0
1_553.mat,0
1_554.mat,0
1_555.mat,0
1_556.mat,0
1_557.mat,0
1_558.mat,0
1_559.mat,0
1_560.mat,0
1_561.mat,0
1_562.mat,0
1_563.mat,0
1_564.mat,0
1_565.mat,0
1_566.mat,0
1_567.mat,0
1_568.mat,0
1_569.mat,0
1_570.mat,0
1_571.mat,0
1_572.mat,0
1_573.mat,0
1_574.mat,0
1_575.mat,0
1_576.mat,0
1_577.mat,0
1_578.mat,0
1_579.mat,0
1_580.mat,0
1_581.mat,0
1_582.mat,0
1_583.mat,0
1_584.mat,0
1_585.mat,0
1_586.mat,0
1_587.mat,0
1_588.mat,0
1_589.mat,0
1_590.mat,0
1_591.mat,0
1_592.mat,0
1_593.mat,0
1_594.mat,0
1_595.mat,0
1_596.mat,0
1_597.mat,0
1_598.mat,0
1_599.mat,0
1_600.mat,0
1_601.mat,0
1_602.mat,0
1_603.mat,0
1_604.mat,0
1_605.mat,0
1_606.mat,0
1_607.mat,0
1_608.mat,0
1_609.mat,0
1_610.mat,0
1_611.mat,0
1_612.mat,0
1_613.mat,0
1_614.mat,0
1_615.mat,0
1_616.mat,0
1_617.mat,0
1_618.mat,0
1_619.mat,0
1_620.mat,0
1_621.mat,0
1_622.mat,0
1_623.mat,0
1_624.mat,0
1_625.mat,0
1_626.mat,0
1_627.mat,0
1_628.mat,0
1_629.mat,0
1_630.mat,0
1_631.mat,0
1_632.mat,0
1_633.mat,0
1_634.mat,0
1_635.mat,0
1_636.mat,0
1_637.mat,0
1_638.mat,0
1_639.mat,0
1_640.mat,0
1_641.mat,0
1_642.mat,0
1_643.mat,0
1_644.mat,0
1_645.mat,0
1_646.mat,0
1_647.mat,0
1_648.mat,0
1_649.mat,0
1_650.mat,0
1_651.mat,0
1_652.mat,0
1_653.mat,0
1_654.mat,0
1_655.mat,0
1_656.mat,0
1_657.mat,0
1_658.mat,0
1_659.mat,0
1_660.mat,0
1_661.mat,0
1_662.mat,0
1_663.mat,0
1_664.mat,0
1_665.mat,0
1_666.mat,0
1_667.mat,0
1_668.mat,0
1_669.mat,0
1_670.mat,0
1_671.mat,0
1_672.mat,0
1_673.mat,0
1_674.mat,0
1_675.mat,0
1_676.mat,0
1_677.mat,0
1_678.mat,0
1_679.mat,0
1_680.mat,0
1_681.mat,0
1_682.mat,0
1_683.mat,0
1_684.mat,0
1_685.mat,0
1_686.mat,0
1_687.mat,0
1_688.mat,0
1_689.mat,0
1_690.mat,0
1_691.mat,0
1_692.mat,0
1_693.mat,0
1_694.mat,0
1_695.mat,0
1_696.mat,0
1_697.mat,0
1_698.mat,0
1_699.mat,0
1_700.mat,0
1_701.mat,0
1_702.mat,0
1_703.mat,0
1_704.mat,0
1_705.mat,0
1_706.mat,0
1_707.mat,0
1_708.mat,0
1_709.mat,0
1_710.mat,0
1_711.mat,0
1_712.mat,0
1_713.mat,0
1_714.mat,0
1_715.mat,0
1_716.mat,0
1_717.mat,0
1_718.mat,0
1_719.mat,0
1_720.mat,0
1_721.mat,0
1_722.mat,0
1_723.mat,0
1_724.mat,0
1_725.mat,0
1_726.mat,0
1_727.mat,0
1_728.mat,0
1_729.mat,0
1_730.mat,0
1_731.mat,0
1_732.mat,0
1_733.mat,0
1_734.mat,0
1_735.mat,0
1_736.mat,0
1_737.mat,0
1_738.mat,0
1_739.mat,0
1_740.mat,0
1_741.mat,0
1_742.mat,0
1_743.mat,0
1_744.mat,0
1_745.mat,0
1_746.mat,0
1_747.mat,0
1_748.mat,0
1_749.mat,0
1_750.mat,0
1_751.mat,0
1_752.mat,0
1_753.mat,0
1_754.mat,0
1_755.mat,0
1_756.mat,0
1_757.mat,0
1_758.mat,0
1_759.mat,0
1_760.mat,0
1_761.mat,0
1_762.mat,0
1_763.mat,0
1_764.mat,0
1_765.mat,0
1_766.mat,0
1_767.mat,0
1_768.mat,0
1_769.mat,0
1_770.mat,0
1_771.mat,0
1_772.mat,0
1_773.mat,0
1_774.mat,0
1_775.mat,0
1_776.mat,0
1_777.mat,0
1_778.mat,0
1_779.mat,0
1_780.mat,0
1_781.mat,0
1_782.mat,0
1_783.mat,0
1_784.mat,0
1_785.mat,0
1_786.mat,0
1_787.mat,0
1_788.mat,0
1_789.mat,0
1_790.mat,0
1_791.mat,0
1_792.mat,0
1_793.mat,0
1_794.mat,0
1_795.mat,0
1_796.mat,0
1_797.mat,0
1_798.mat,0
1_799.mat,0
1_800.mat,0
1_801.mat,0
1_802.mat,0
1_803.mat,0
1_804.mat,0
1_805.mat,0
1_806.mat,0
1_807.mat,0
1_808.mat,0
1_809.mat,0
1_810.mat,0
1_811.mat,0
1_812.mat,0
1_813.mat,0
1_814.mat,0
1_815.mat,0
1_816.mat,0
1_817.mat,0
1_818.mat,0
1_819.mat,0
1_820.mat,0
1_821.mat,0
1_822.mat,0
1_823.mat,0
1_824.mat,0
1_825.mat,0
1_826.mat,0
1_827.mat,0
1_828.mat,0
1_829.mat,0
1_830.mat,0
1_831.mat,0
1_832.mat,0
1_833.mat,0
1_834.mat,0
1_835.mat,0
1_836.mat,0
1_837.mat,0
1_838.mat,0
1_839.mat,0
1_840.mat,0
1_841.mat,0
1_842.mat,0
1_843.mat,0
1_844.mat,0
1_845.mat,0
1_846.mat,0
1_847.mat,0
1_848.mat,0
1_849.mat,0
1_850.mat,0
1_851.mat,0
1_852.mat,0
1_853.mat,0
1_854.mat,0
1_855.mat,0
1_856.mat,0
1_857.mat,0
1_858.mat,0
1_859.mat,0
1_860.mat,0
1_861.mat,0
1_862.mat,0
1_863.mat,0
1_864.mat,0
1_865.mat,0
1_866.mat,0
1_867.mat,0
1_868.mat,0
1_869.mat,0
1_870.mat,0
1_871.mat,0
1_872.mat,0
1_873.mat,0
1_874.mat,0
1_875.mat,0
1_876.mat,0
1_877.mat,0
1_878.mat,0
1_879.mat,0
1_880.mat,0
1_881.mat,0
1_882.mat,0
1_883.mat,0
1_884.mat,0
1_885.mat,0
1_886.mat,0
1_887.mat,0
1_888.mat,0
1_889.mat,0
1_890.mat,0
1_891.mat,0
1_892.mat,0
1_893.mat,0
1_894.mat,0
1_895.mat,0
1_896.mat,0
1_897.mat,0
1_898.mat,0
1_899.mat,0
1_900.mat,0
1_901.mat,0
1_902.mat,0
1_903.mat,0
1_904.mat,0
1_905.mat,0
1_906.mat,0
1_907.mat,0
1_908.mat,0
1_909.mat,0
1_910.mat,0
1_911.mat,0
1_912.mat,0
1_913.mat,0
1_914.mat,0
1_915.mat,0
1_916.mat,0
1_917.mat,0
1_918.mat,0
1_919.mat,0
1_920.mat,0
1_921.mat,0
1_922.mat,0
1_923.mat,0
1_924.mat,0
1_925.mat,0
1_926.mat,0
1_927.mat,0
1_928.mat,0
1_929.mat,0
1_930.mat,0
1_931.mat,0
1_932.mat,0
1_933.mat,0
1_934.mat,0
1_935.mat,0
1_936.mat,0
1_937.mat,0
1_938.mat,0
1_939.mat,0
1_940.mat,0
1_941.mat,0
1_942.mat,0
1_943.mat,0
1_944.mat,0
1_945.mat,0
1_946.mat,0
1_947.mat,0
1_948.mat,0
1_949.mat,0
1_950.mat,0
1_951.mat,0
1_952.mat,0
1_953.mat,0
1_954.mat,0
1_955.mat,0
1_956.mat,0
1_957.mat,0
1_958.mat,0
1_959.mat,0
1_960.mat,0
1_961.mat,0
1_962.mat,0
1_963.mat,0
1_964.mat,0
1_965.mat,0
1_966.mat,0
1_967.mat,0
1_968.mat,0
1_969.mat,0
1_970.mat,0
1_971.mat,0
1_972.mat,0
1_973.mat,0
1_974.mat,0
1_975.mat,0
1_976.mat,0
1_977.mat,0
1_978.mat,0
1_979.mat,0
1_980.mat,0
1_981.mat,0
1_982.mat,0
1_983.mat,0
1_984.mat,0
1_985.mat,0
1_986.mat,0
1_987.mat,0
1_988.mat,0
1_989.mat,0
1_990.mat,0
1_991.mat,0
1_992.mat,0
1_993.mat,0
1_994.mat,0
1_995.mat,0
1_996.mat,0
1_997.mat,0
1_998.mat,0
1_999.mat,0
1_1000.mat,0
1_1001.mat,0
1_1002.mat,0
1_1003.mat,0
1_1004.mat,0
1_1005.mat,0
1_1006.mat,0
1_1007.mat,0
1_1008.mat,0
1_1009.mat,0
1_1010.mat,0
1_1011.mat,0
1_1012.mat,0
1_1013.mat,0
1_1014.mat,0
1_1015.mat,0
1_1016.mat,0
1_1017.mat,0
1_1018.mat,0
1_1019.mat,0
1_1020.mat,0
1_1021.mat,0
1_1022.mat,0
1_1023.mat,0
1_1024.mat,0
1_1025.mat,0
1_1026.mat,0
1_1027.mat,0
1_1028.mat,0
1_1029.mat,0
1_1030.mat,0
1_1031.mat,0
1_1032.mat,0
1_1033.mat,0
1_1034.mat,0
1_1035.mat,0
1_1036.mat,0
1_1037.mat,0
1_1038.mat,0
1_1039.mat,0
1_1040.mat,0
1_1041.mat,0
1_1042.mat,0
1_1043.mat,0
1_1044.mat,0
1_1045.mat,0
1_1046.mat,0
1_1047.mat,0
1_1048.mat,0
1_1049.mat,0
1_1050.mat,0
1_1051.mat,0
1_1052.mat,0
1_1053.mat,0
1_1054.mat,0
1_1055.mat,0
1_1056.mat,0
1_1057.mat,0
1_1058.mat,0
1_1059.mat,0
1_1060.mat,0
1_1061.mat,0
1_1062.mat,0
1_1063.mat,0
1_1064.mat,0
1_1065.mat,0
1_1066.mat,0
1_1067.mat,0
1_1068.mat,0
1_1069.mat,0
1_1070.mat,0
1_1071.mat,0
1_1072.mat,0
1_1073.mat,0
1_1074.mat,0
1_1075.mat,0
1_1076.mat,0
1_1077.mat,0
1_1078.mat,0
1_1079.mat,0
1_1080.mat,0
1_1081.mat,0
1_1082.mat,0
1_1083.mat,0
1_1084.mat,0
1_1085.mat,0
1_1086.mat,0
1_1087.mat,0
1_1088.mat,0
1_1089.mat,0
1_1090.mat,0
1_1091.mat,0
1_1092.mat,0
1_1093.mat,0
1_1094.mat,0
1_1095.mat,0
1_1096.mat,0
1_1097.mat,0
1_1098.mat,0
1_1099.mat,0
1_1100.mat,0
1_1101.mat,0
1_1102.mat,0
1_1103.mat,0
1_1104.mat,0
1_1105.mat,0
1_1106.mat,0
1_1107.mat,0
1_1108.mat,0
1_1109.mat,0
1_1110.mat,0
1_1111.mat,0
1_1112.mat,0
1_1113.mat,0
1_1114.mat,0
1_1115.mat,0
1_1116.mat,0
1_1117.mat,0
1_1118.mat,0
1_1119.mat,0
1_1120.mat,0
1_1121.mat,0
1_1122.mat,0
1_1123.mat,0
1_1124.mat,0
1_1125.mat,0
1_1126.mat,0
1_1127.mat,0
1_1128.mat,0
1_1129.mat,0
1_1130.mat,0
1_1131.mat,0
1_1132.mat,0
1_1133.mat,0
1_1134.mat,0
1_1135.mat,0
1_1136.mat,0
1_1137.mat,0
1_1138.mat,0
1_1139.mat,0
1_1140.mat,0
1_1141.mat,0
1_1142.mat,0
1_1143.mat,0
1_1144.mat,0
1_1145.mat,0
1_1146.mat,0
1_1147.mat,0
1_1148.mat,0
1_1149.mat,0
1_1150.mat,0
1_1151.mat,0
1_1152.mat,0
1_1153.mat,0
1_1154.mat,0
1_1155.mat,0
1_1156.mat,0
1_1157.mat,0
1_1158.mat,0
1_1159.mat,0
1_1160.mat,0
1_1161.mat,0
1_1162.mat,0
1_1163.mat,0
1_1164.mat,0
1_1165.mat,0
1_1166.mat,0
1_1167.mat,0
1_1168.mat,0
1_1169.mat,0
1_1170.mat,0
1_1171.mat,0
1_1172.mat,0
1_1173.mat,0
1_1174.mat,0
1_1175.mat,0
1_1176.mat,0
1_1177.mat,0
1_1178.mat,0
1_1179.mat,0
1_1180.mat,0
1_1181.mat,0
1_1182.mat,0
1_1183.mat,0
1_1184.mat,0
1_1185.mat,0
1_1186.mat,0
1_1187.mat,0
1_1188.mat,0
1_1189.mat,0
1_1190.mat,0
1_1191.mat,0
1_1192.mat,0
1_1193.mat,0
1_1194.mat,0
1_1195.mat,0
1_1196.mat,0
1_1197.mat,0
1_1198.mat,0
1_1199.mat,0
1_1200.mat,0
1_1201.mat,0
1_1202.mat,0
1_1203.mat,0
1_1204.mat,0
1_1205.mat,0
1_1206.mat,0
1_1207.mat,0
1_1208.mat,0
1_1209.mat,0
1_1210.mat,0
1_1211.mat,0
1_1212.mat,0
1_1213.mat,0
1_1214.mat,0
1_1215.mat,0
1_1216.mat,0
1_1217.mat,0
1_1218.mat,0
1_1219.mat,0
1_1220.mat,0
1_1221.mat,0
1_1222.mat,0
1_1223.mat,0
1_1224.mat,0
1_1225.mat,0
1_1226.mat,0
1_1227.mat,0
1_1228.mat,0
1_1229.mat,0
1_1230.mat,0
1_1231.mat,0
1_1232.mat,0
1_1233.mat,0
1_1234.mat,0
1_1235.mat,0
1_1236.mat,0
1_1237.mat,0
1_1238.mat,0
1_1239.mat,0
1_1240.mat,0
1_1241.mat,0
1_1242.mat,0
1_1243.mat,0
1_1244.mat,0
1_1245.mat,0
1_1246.mat,0
1_1247.mat,0
1_1248.mat,0
1_1249.mat,0
1_1250.mat,0
1_1251.mat,0
1_1252.mat,0
1_1253.mat,0
1_1254.mat,0
1_1255.mat,0
1_1256.mat,0
1_1257.mat,0
1_1258.mat,0
1_1259.mat,0
1_1260.mat,0
1_1261.mat,0
1_1262.mat,0
1_1263.mat,0
1_1264.mat,0
1_1265.mat,0
1_1266.mat,0
1_1267.mat,0
1_1268.mat,0
1_1269.mat,0
1_1270.mat,0
1_1271.mat,0
1_1272.mat,0
1_1273.mat,0
1_1274.mat,0
1_1275.mat,0
1_1276.mat,0
1_1277.mat,0
1_1278.mat,0
1_1279.mat,0
1_1280.mat,0
1_1281.mat,0
1_1282.mat,0
1_1283.mat,0
1_1284.mat,0
1_1285.mat,0
1_1286.mat,0
1_1287.mat,0
1_1288.mat,0
1_1289.mat,0
1_1290.mat,0
1_1291.mat,0
1_1292.mat,0
1_1293.mat,0
1_1294.mat,0
1_1295.mat,0
1_1296.mat,0
1_1297.mat,0
1_1298.mat,0
1_1299.mat,0
1_1300.mat,0
1_1301.mat,0
1_1302.mat,0
1_1303.mat,0
1_1304.mat,0
1_1305.mat,0
1_1306.mat,0
1_1307.mat,0
1_1308.mat,0
1_1309.mat,0
1_1310.mat,0
1_1311.mat,0
1_1312.mat,0
1_1313.mat,0
1_1314.mat,0
1_1315.mat,0
1_1316.mat,0
1_1317.mat,0
1_1318.mat,0
1_1319.mat,0
1_1320.mat,0
1_1321.mat,0
1_1322.mat,0
1_1323.mat,0
1_1324.mat,0
1_1325.mat,0
1_1326.mat,0
1_1327.mat,0
1_1328.mat,0
1_1329.mat,0
1_1330.mat,0
1_1331.mat,0
1_1332.mat,0
1_1333.mat,0
1_1334.mat,0
1_1335.mat,0
1_1336.mat,0
1_1337.mat,0
1_1338.mat,0
1_1339.mat,0
1_1340.mat,0
1_1341.mat,0
1_1342.mat,0
1_1343.mat,0
1_1344.mat,0
1_1345.mat,0
1_1346.mat,0
1_1347.mat,0
1_1348.mat,0
1_1349.mat,0
1_1350.mat,0
1_1351.mat,0
1_1352.mat,0
1_1353.mat,0
1_1354.mat,0
1_1355.mat,0
1_1356.mat,0
1_1357.mat,0
1_1358.mat,0
1_1359.mat,0
1_1360.mat,0
1_1361.mat,0
1_1362.mat,0
1_1363.mat,0
1_1364.mat,0
1_1365.mat,0
1_1366.mat,0
1_1367.mat,0
1_1368.mat,0
1_1369.mat,0
1_1370.mat,0
1_1371.mat,0
1_1372.mat,0
1_1373.mat,0
1_1374.mat,0
1_1375.mat,0
1_1376.mat,0
1_1377.mat,0
1_1378.mat,0
1_1379.mat,0
1_1380.mat,0
1_1381.mat,0
1_1382.mat,0
1_1383.mat,0
1_1384.mat,0
1_1385.mat,0
1_1386.mat,0
1_1387.mat,0
1_1388.mat,0
1_1389.mat,0
1_1390.mat,0
1_1391.mat,0
1_1392.mat,0
1_1393.mat,0
1_1394.mat,0
1_1395.mat,0
1_1396.mat,0
1_1397.mat,0
1_1398.mat,0
1_1399.mat,0
1_1400.mat,0
1_1401.mat,0
1_1402.mat,0
1_1403.mat,0
1_1404.mat,0
1_1405.mat,0
1_1406.mat,0
1_1407.mat,0
1_1408.mat,0
1_1409.mat,0
1_1410.mat,0
1_1411.mat,0
1_1412.mat,0
1_1413.mat,0
1_1414.mat,0
1_1415.mat,0
1_1416.mat,0
1_1417.mat,0
1_1418.mat,0
1_1419.mat,0
1_1420.mat,0
1_1421.mat,0
1_1422.mat,0
1_1423.mat,0
1_1424.mat,0
1_1425.mat,0
1_1426.mat,0
1_1427.mat,0
1_1428.mat,0
1_1429.mat,0
1_1430.mat,0
1_1431.mat,0
1_1432.mat,0
1_1433.mat,0
1_1434.mat,0
1_1435.mat,0
1_1436.mat,0
1_1437.mat,0
1_1438.mat,0
1_1439.mat,0
1_1440.mat,0
1_1441.mat,0
1_1442.mat,0
1_1443.mat,0
1_1444.mat,0
1_1445.mat,0
1_1446.mat,0
1_1447.mat,0
1_1448.mat,0
1_1449.mat,0
1_1450.mat,0
1_1451.mat,0
1_1452.mat,0
1_1453.mat,0
1_1454.mat,0
1_1455.mat,0
1_1456.mat,0
1_1457.mat,0
1_1458.mat,0
1_1459.mat,0
1_1460.mat,0
1_1461.mat,0
1_1462.mat,0
1_1463.mat,0
1_1464.mat,0
1_1465.mat,0
1_1466.mat,0
1_1467.mat,0
1_1468.mat,0
1_1469.mat,0
1_1470.mat,0
1_1471.mat,0
1_1472.mat,0
1_1473.mat,0
1_1474.mat,0
1_1475.mat,0
1_1476.mat,0
1_1477.mat,0
1_1478.mat,0
1_1479.mat,0
1_1480.mat,0
1_1481.mat,0
1_1482.mat,0
1_1483.mat,0
1_1484.mat,0
1_1485.mat,0
1_1486.mat,0
1_1487.mat,0
1_1488.mat,0
1_1489.mat,0
1_1490.mat,0
1_1491.mat,0
1_1492.mat,0
1_1493.mat,0
1_1494.mat,0
1_1495.mat,0
1_1496.mat,0
1_1497.mat,0
1_1498.mat,0
1_1499.mat,0
1_1500.mat,0
1_1501.mat,0
1_1502.mat,0
1_1503.mat,0
1_1504.mat,0
1_1505.mat,0
1_1506.mat,0
1_1507.mat,0
1_1508.mat,0
1_1509.mat,0
1_1510.mat,0
1_1511.mat,0
1_1512.mat,0
1_1513.mat,0
1_1514.mat,0
1_1515.mat,0
1_1516.mat,0
1_1517.mat,0
1_1518.mat,0
1_1519.mat,0
1_1520.mat,0
1_1521.mat,0
1_1522.mat,0
1_1523.mat,0
1_1524.mat,0
1_1525.mat,0
1_1526.mat,0
1_1527.mat,0
1_1528.mat,0
1_1529.mat,0
1_1530.mat,0
1_1531.mat,0
1_1532.mat,0
1_1533.mat,0
1_1534.mat,0
1_1535.mat,0
1_1536.mat,0
1_1537.mat,0
1_1538.mat,0
1_1539.mat,0
1_1540.mat,0
1_1541.mat,0
1_1542.mat,0
1_1543.mat,0
1_1544.mat,0
1_1545.mat,0
1_1546.mat,0
1_1547.mat,0
1_1548.mat,0
1_1549.mat,0
1_1550.mat,0
1_1551.mat,0
1_1552.mat,0
1_1553.mat,0
1_1554.mat,0
1_1555.mat,0
1_1556.mat,0
1_1557.mat,0
1_1558.mat,0
1_1559.mat,0
1_1560.mat,0
1_1561.mat,0
1_1562.mat,0
1_1563.mat,0
1_1564.mat,0
1_1565.mat,0
1_1566.mat,0
1_1567.mat,0
1_1568.mat,0
1_1569.mat,0
1_1570.mat,0
1_1571.mat,0
1_1572.mat,0
1_1573.mat,0
1_1574.mat,0
1_1575.mat,0
1_1576.mat,0
1_1577.mat,0
1_1578.mat,0
1_1579.mat,0
1_1580.mat,0
1_1581.mat,0
1_1582.mat,0
1_1583.mat,0
1_1584.mat,0
2_1.mat,0
2_2.mat,0
2_3.mat,0
2_4.mat,0
2_5.mat,0
2_6.mat,0
2_7.mat,0
2_8.mat,0
2_9.mat,0
2_10.mat,0
2_11.mat,0
2_12.mat,0
2_13.mat,0
2_14.mat,0
2_15.mat,0
2_16.mat,0
2_17.mat,0
2_18.mat,0
2_19.mat,0
2_20.mat,0
2_21.mat,0
2_22.mat,0
2_23.mat,0
2_24.mat,0
2_25.mat,0
2_26.mat,0
2_27.mat,0
2_28.mat,0
2_29.mat,0
2_30.mat,0
2_31.mat,0
2_32.mat,0
2_33.mat,0
2_34.mat,0
2_35.mat,0
2_36.mat,0
2_37.mat,0
2_38.mat,0
2_39.mat,0
2_40.mat,0
2_41.mat,0
2_42.mat,0
2_43.mat,0
2_44.mat,0
2_45.mat,0
2_46.mat,0
2_47.mat,0
2_48.mat,0
2_49.mat,0
2_50.mat,0
2_51.mat,0
2_52.mat,0
2_53.mat,0
2_54.mat,0
2_55.mat,0
2_56.mat,0
2_57.mat,0
2_58.mat,0
2_59.mat,0
2_60.mat,0
2_61.mat,0
2_62.mat,0
2_63.mat,0
2_64.mat,0
2_65.mat,0
2_66.mat,0
2_67.mat,0
2_68.mat,0
2_69.mat,0
2_70.mat,0
2_71.mat,0
2_72.mat,0
2_73.mat,0
2_74.mat,0
2_75.mat,0
2_76.mat,0
2_77.mat,0
2_78.mat,0
2_79.mat,0
2_80.mat,0
2_81.mat,0
2_82.mat,0
2_83.mat,0
2_84.mat,0
2_85.mat,0
2_86.mat,0
2_87.mat,0
2_88.mat,0
2_89.mat,0
2_90.mat,0
2_91.mat,0
2_92.mat,0
2_93.mat,0
2_94.mat,0
2_95.mat,0
2_96.mat,0
2_97.mat,0
2_98.mat,0
2_99.mat,0
2_100.mat,0
2_101.mat,0
2_102.mat,0
2_103.mat,0
2_104.mat,0
2_105.mat,0
2_106.mat,0
2_107.mat,0
2_108.mat,0
2_109.mat,0
2_110.mat,0
2_111.mat,0
2_112.mat,0
2_113.mat,0
2_114.mat,0
2_115.mat,0
2_116.mat,0
2_117.mat,0
2_118.mat,0
2_119.mat,0
2_120.mat,0
2_121.mat,0
2_122.mat,0
2_123.mat,0
2_124.mat,0
2_125.mat,0
2_126.mat,0
2_127.mat,0
2_128.mat,0
2_129.mat,0
2_130.mat,0
2_131.mat,0
2_132.mat,0
2_133.mat,0
2_134.mat,0
2_135.mat,0
2_136.mat,0
2_137.mat,0
2_138.mat,0
2_139.mat,0
2_140.mat,0
2_141.mat,0
2_142.mat,0
2_143.mat,0
2_144.mat,0
2_145.mat,0
2_146.mat,0
2_147.mat,0
2_148.mat,0
2_149.mat,0
2_150.mat,0
2_151.mat,0
2_152.mat,0
2_153.mat,0
2_154.mat,0
2_155.mat,0
2_156.mat,0
2_157.mat,0
2_158.mat,0
2_159.mat,0
2_160.mat,0
2_161.mat,0
2_162.mat,0
2_163.mat,0
2_164.mat,0
2_165.mat,0
2_166.mat,0
2_167.mat,0
2_168.mat,0
2_169.mat,0
2_170.mat,0
2_171.mat,0
2_172.mat,0
2_173.mat,0
2_174.mat,0
2_175.mat,0
2_176.mat,0
2_177.mat,0
2_178.mat,0
2_179.mat,0
2_180.mat,0
2_181.mat,0
2_182.mat,0
2_183.mat,0
2_184.mat,0
2_185.mat,0
2_186.mat,0
2_187.mat,0
2_188.mat,0
2_189.mat,0
2_190.mat,0
2_191.mat,0
2_192.mat,0
2_193.mat,0
2_194.mat,0
2_195.mat,0
2_196.mat,0
2_197.mat,0
2_198.mat,0
2_199.mat,0
2_200.mat,0
2_201.mat,0
2_202.mat,0
2_203.mat,0
2_204.mat,0
2_205.mat,0
2_206.mat,0
2_207.mat,0
2_208.mat,0
2_209.mat,0
2_210.mat,0
2_211.mat,0
2_212.mat,0
2_213.mat,0
2_214.mat,0
2_215.mat,0
2_216.mat,0
2_217.mat,0
2_218.mat,0
2_219.mat,0
2_220.mat,0
2_221.mat,0
2_222.mat,0
2_223.mat,0
2_224.mat,0
2_225.mat,0
2_226.mat,0
2_227.mat,0
2_228.mat,0
2_229.mat,0
2_230.mat,0
2_231.mat,0
2_232.mat,0
2_233.mat,0
2_234.mat,0
2_235.mat,0
2_236.mat,0
2_237.mat,0
2_238.mat,0
2_239.mat,0
2_240.mat,0
2_241.mat,0
2_242.mat,0
2_243.mat,0
2_244.mat,0
2_245.mat,0
2_246.mat,0
2_247.mat,0
2_248.mat,0
2_249.mat,0
2_250.mat,0
2_251.mat,0
2_252.mat,0
2_253.mat,0
2_254.mat,0
2_255.mat,0
2_256.mat,0
2_257.mat,0
2_258.mat,0
2_259.mat,0
2_260.mat,0
2_261.mat,0
2_262.mat,0
2_263.mat,0
2_264.mat,0
2_265.mat,0
2_266.mat,0
2_267.mat,0
2_268.mat,0
2_269.mat,0
2_270.mat,0
2_271.mat,0
2_272.mat,0
2_273.mat,0
2_274.mat,0
2_275.mat,0
2_276.mat,0
2_277.mat,0
2_278.mat,0
2_279.mat,0
2_280.mat,0
2_281.mat,0
2_282.mat,0
2_283.mat,0
2_284.mat,0
2_285.mat,0
2_286.mat,0
2_287.mat,0
2_288.mat,0
2_289.mat,0
2_290.mat,0
2_291.mat,0
2_292.mat,0
2_293.mat,0
2_294.mat,0
2_295.mat,0
2_296.mat,0
2_297.mat,0
2_298.mat,0
2_299.mat,0
2_300.mat,0
2_301.mat,0
2_302.mat,0
2_303.mat,0
2_304.mat,0
2_305.mat,0
2_306.mat,0
2_307.mat,0
2_308.mat,0
2_309.mat,0
2_310.mat,0
2_311.mat,0
2_312.mat,0
2_313.mat,0
2_314.mat,0
2_315.mat,0
2_316.mat,0
2_317.mat,0
2_318.mat,0
2_319.mat,0
2_320.mat,0
2_321.mat,0
2_322.mat,0
2_323.mat,0
2_324.mat,0
2_325.mat,0
2_326.mat,0
2_327.mat,0
2_328.mat,0
2_329.mat,0
2_330.mat,0
2_331.mat,0
2_332.mat,0
2_333.mat,0
2_334.mat,0
2_335.mat,0
2_336.mat,0
2_337.mat,0
2_338.mat,0
2_339.mat,0
2_340.mat,0
2_341.mat,0
2_342.mat,0
2_343.mat,0
2_344.mat,0
2_345.mat,0
2_346.mat,0
2_347.mat,0
2_348.mat,0
2_349.mat,0
2_350.mat,0
2_351.mat,0
2_352.mat,0
2_353.mat,0
2_354.mat,0
2_355.mat,0
2_356.mat,0
2_357.mat,0
2_358.mat,0
2_359.mat,0
2_360.mat,0
2_361.mat,0
2_362.mat,0
2_363.mat,0
2_364.mat,0
2_365.mat,0
2_366.mat,0
2_367.mat,0
2_368.mat,0
2_369.mat,0
2_370.mat,0
2_371.mat,0
2_372.mat,0
2_373.mat,0
2_374.mat,0
2_375.mat,0
2_376.mat,0
2_377.mat,0
2_378.mat,0
2_379.mat,0
2_380.mat,0
2_381.mat,0
2_382.mat,0
2_383.mat,0
2_384.mat,0
2_385.mat,0
2_386.mat,0
2_387.mat,0
2_388.mat,0
2_389.mat,0
2_390.mat,0
2_391.mat,0
2_392.mat,0
2_393.mat,0
2_394.mat,0
2_395.mat,0
2_396.mat,0
2_397.mat,0
2_398.mat,0
2_399.mat,0
2_400.mat,0
2_401.mat,0
2_402.mat,0
2_403.mat,0
2_404.mat,0
2_405.mat,0
2_406.mat,0
2_407.mat,0
2_408.mat,0
2_409.mat,0
2_410.mat,0
2_411.mat,0
2_412.mat,0
2_413.mat,0
2_414.mat,0
2_415.mat,0
2_416.mat,0
2_417.mat,0
2_418.mat,0
2_419.mat,0
2_420.mat,0
2_421.mat,0
2_422.mat,0
2_423.mat,0
2_424.mat,0
2_425.mat,0
2_426.mat,0
2_427.mat,0
2_428.mat,0
2_429.mat,0
2_430.mat,0
2_431.mat,0
2_432.mat,0
2_433.mat,0
2_434.mat,0
2_435.mat,0
2_436.mat,0
2_437.mat,0
2_438.mat,0
2_439.mat,0
2_440.mat,0
2_441.mat,0
2_442.mat,0
2_443.mat,0
2_444.mat,0
2_445.mat,0
2_446.mat,0
2_447.mat,0
2_448.mat,0
2_449.mat,0
2_450.mat,0
2_451.mat,0
2_452.mat,0
2_453.mat,0
2_454.mat,0
2_455.mat,0
2_456.mat,0
2_457.mat,0
2_458.mat,0
2_459.mat,0
2_460.mat,0
2_461.mat,0
2_462.mat,0
2_463.mat,0
2_464.mat,0
2_465.mat,0
2_466.mat,0
2_467.mat,0
2_468.mat,0
2_469.mat,0
2_470.mat,0
2_471.mat,0
2_472.mat,0
2_473.mat,0
2_474.mat,0
2_475.mat,0
2_476.mat,0
2_477.mat,0
2_478.mat,0
2_479.mat,0
2_480.mat,0
2_481.mat,0
2_482.mat,0
2_483.mat,0
2_484.mat,0
2_485.mat,0
2_486.mat,0
2_487.mat,0
2_488.mat,0
2_489.mat,0
2_490.mat,0
2_491.mat,0
2_492.mat,0
2_493.mat,0
2_494.mat,0
2_495.mat,0
2_496.mat,0
2_497.mat,0
2_498.mat,0
2_499.mat,0
2_500.mat,0
2_501.mat,0
2_502.mat,0
2_503.mat,0
2_504.mat,0
2_505.mat,0
2_506.mat,0
2_507.mat,0
2_508.mat,0
2_509.mat,0
2_510.mat,0
2_511.mat,0
2_512.mat,0
2_513.mat,0
2_514.mat,0
2_515.mat,0
2_516.mat,0
2_517.mat,0
2_518.mat,0
2_519.mat,0
2_520.mat,0
2_521.mat,0
2_522.mat,0
2_523.mat,0
2_524.mat,0
2_525.mat,0
2_526.mat,0
2_527.mat,0
2_528.mat,0
2_529.mat,0
2_530.mat,0
2_531.mat,0
2_532.mat,0
2_533.mat,0
2_534.mat,0
2_535.mat,0
2_536.mat,0
2_537.mat,0
2_538.mat,0
2_539.mat,0
2_540.mat,0
2_541.mat,0
2_542.mat,0
2_543.mat,0
2_544.mat,0
2_545.mat,0
2_546.mat,0
2_547.mat,0
2_548.mat,0
2_549.mat,0
2_550.mat,0
2_551.mat,0
2_552.mat,0
2_553.mat,0
2_554.mat,0
2_555.mat,0
2_556.mat,0
2_557.mat,0
2_558.mat,0
2_559.mat,0
2_560.mat,0
2_561.mat,0
2_562.mat,0
2_563.mat,0
2_564.mat,0
2_565.mat,0
2_566.mat,0
2_567.mat,0
2_568.mat,0
2_569.mat,0
2_570.mat,0
2_571.mat,0
2_572.mat,0
2_573.mat,0
2_574.mat,0
2_575.mat,0
2_576.mat,0
2_577.mat,0
2_578.mat,0
2_579.mat,0
2_580.mat,0
2_581.mat,0
2_582.mat,0
2_583.mat,0
2_584.mat,0
2_585.mat,0
2_586.mat,0
2_587.mat,0
2_588.mat,0
2_589.mat,0
2_590.mat,0
2_591.mat,0
2_592.mat,0
2_593.mat,0
2_594.mat,0
2_595.mat,0
2_596.mat,0
2_597.mat,0
2_598.mat,0
2_599.mat,0
2_600.mat,0
2_601.mat,0
2_602.mat,0
2_603.mat,0
2_604.mat,0
2_605.mat,0
2_606.mat,0
2_607.mat,0
2_608.mat,0
2_609.mat,0
2_610.mat,0
2_611.mat,0
2_612.mat,0
2_613.mat,0
2_614.mat,0
2_615.mat,0
2_616.mat,0
2_617.mat,0
2_618.mat,0
2_619.mat,0
2_620.mat,0
2_621.mat,0
2_622.mat,0
2_623.mat,0
2_624.mat,0
2_625.mat,0
2_626.mat,0
2_627.mat,0
2_628.mat,0
2_629.mat,0
2_630.mat,0
2_631.mat,0
2_632.mat,0
2_633.mat,0
2_634.mat,0
2_635.mat,0
2_636.mat,0
2_637.mat,0
2_638.mat,0
2_639.mat,0
2_640.mat,0
2_641.mat,0
2_642.mat,0
2_643.mat,0
2_644.mat,0
2_645.mat,0
2_646.mat,0
2_647.mat,0
2_648.mat,0
2_649.mat,0
2_650.mat,0
2_651.mat,0
2_652.mat,0
2_653.mat,0
2_654.mat,0
2_655.mat,0
2_656.mat,0
2_657.mat,0
2_658.mat,0
2_659.mat,0
2_660.mat,0
2_661.mat,0
2_662.mat,0
2_663.mat,0
2_664.mat,0
2_665.mat,0
2_666.mat,0
2_667.mat,0
2_668.mat,0
2_669.mat,0
2_670.mat,0
2_671.mat,0
2_672.mat,0
2_673.mat,0
2_674.mat,0
2_675.mat,0
2_676.mat,0
2_677.mat,0
2_678.mat,0
2_679.mat,0
2_680.mat,0
2_681.mat,0
2_682.mat,0
2_683.mat,0
2_684.mat,0
2_685.mat,0
2_686.mat,0
2_687.mat,0
2_688.mat,0
2_689.mat,0
2_690.mat,0
2_691.mat,0
2_692.mat,0
2_693.mat,0
2_694.mat,0
2_695.mat,0
2_696.mat,0
2_697.mat,0
2_698.mat,0
2_699.mat,0
2_700.mat,0
2_701.mat,0
2_702.mat,0
2_703.mat,0
2_704.mat,0
2_705.mat,0
2_706.mat,0
2_707.mat,0
2_708.mat,0
2_709.mat,0
2_710.mat,0
2_711.mat,0
2_712.mat,0
2_713.mat,0
2_714.mat,0
2_715.mat,0
2_716.mat,0
2_717.mat,0
2_718.mat,0
2_719.mat,0
2_720.mat,0
2_721.mat,0
2_722.mat,0
2_723.mat,0
2_724.mat,0
2_725.mat,0
2_726.mat,0
2_727.mat,0
2_728.mat,0
2_729.mat,0
2_730.mat,0
2_731.mat,0
2_732.mat,0
2_733.mat,0
2_734.mat,0
2_735.mat,0
2_736.mat,0
2_737.mat,0
2_738.mat,0
2_739.mat,0
2_740.mat,0
2_741.mat,0
2_742.mat,0
2_743.mat,0
2_744.mat,0
2_745.mat,0
2_746.mat,0
2_747.mat,0
2_748.mat,0
2_749.mat,0
2_750.mat,0
2_751.mat,0
2_752.mat,0
2_753.mat,0
2_754.mat,0
2_755.mat,0
2_756.mat,0
2_757.mat,0
2_758.mat,0
2_759.mat,0
2_760.mat,0
2_761.mat,0
2_762.mat,0
2_763.mat,0
2_764.mat,0
2_765.mat,0
2_766.mat,0
2_767.mat,0
2_768.mat,0
2_769.mat,0
2_770.mat,0
2_771.mat,0
2_772.mat,0
2_773.mat,0
2_774.mat,0
2_775.mat,0
2_776.mat,0
2_777.mat,0
2_778.mat,0
2_779.mat,0
2_780.mat,0
2_781.mat,0
2_782.mat,0
2_783.mat,0
2_784.mat,0
2_785.mat,0
2_786.mat,0
2_787.mat,0
2_788.mat,0
2_789.mat,0
2_790.mat,0
2_791.mat,0
2_792.mat,0
2_793.mat,0
2_794.mat,0
2_795.mat,0
2_796.mat,0
2_797.mat,0
2_798.mat,0
2_799.mat,0
2_800.mat,0
2_801.mat,0
2_802.mat,0
2_803.mat,0
2_804.mat,0
2_805.mat,0
2_806.mat,0
2_807.mat,0
2_808.mat,0
2_809.mat,0
2_810.mat,0
2_811.mat,0
2_812.mat,0
2_813.mat,0
2_814.mat,0
2_815.mat,0
2_816.mat,0
2_817.mat,0
2_818.mat,0
2_819.mat,0
2_820.mat,0
2_821.mat,0
2_822.mat,0
2_823.mat,0
2_824.mat,0
2_825.mat,0
2_826.mat,0
2_827.mat,0
2_828.mat,0
2_829.mat,0
2_830.mat,0
2_831.mat,0
2_832.mat,0
2_833.mat,0
2_834.mat,0
2_835.mat,0
2_836.mat,0
2_837.mat,0
2_838.mat,0
2_839.mat,0
2_840.mat,0
2_841.mat,0
2_842.mat,0
2_843.mat,0
2_844.mat,0
2_845.mat,0
2_846.mat,0
2_847.mat,0
2_848.mat,0
2_849.mat,0
2_850.mat,0
2_851.mat,0
2_852.mat,0
2_853.mat,0
2_854.mat,0
2_855.mat,0
2_856.mat,0
2_857.mat,0
2_858.mat,0
2_859.mat,0
2_860.mat,0
2_861.mat,0
2_862.mat,0
2_863.mat,0
2_864.mat,0
2_865.mat,0
2_866.mat,0
2_867.mat,0
2_868.mat,0
2_869.mat,0
2_870.mat,0
2_871.mat,0
2_872.mat,0
2_873.mat,0
2_874.mat,0
2_875.mat,0
2_876.mat,0
2_877.mat,0
2_878.mat,0
2_879.mat,0
2_880.mat,0
2_881.mat,0
2_882.mat,0
2_883.mat,0
2_884.mat,0
2_885.mat,0
2_886.mat,0
2_887.mat,0
2_888.mat,0
2_889.mat,0
2_890.mat,0
2_891.mat,0
2_892.mat,0
2_893.mat,0
2_894.mat,0
2_895.mat,0
2_896.mat,0
2_897.mat,0
2_898.mat,0
2_899.mat,0
2_900.mat,0
2_901.mat,0
2_902.mat,0
2_903.mat,0
2_904.mat,0
2_905.mat,0
2_906.mat,0
2_907.mat,0
2_908.mat,0
2_909.mat,0
2_910.mat,0
2_911.mat,0
2_912.mat,0
2_913.mat,0
2_914.mat,0
2_915.mat,0
2_916.mat,0
2_917.mat,0
2_918.mat,0
2_919.mat,0
2_920.mat,0
2_921.mat,0
2_922.mat,0
2_923.mat,0
2_924.mat,0
2_925.mat,0
2_926.mat,0
2_927.mat,0
2_928.mat,0
2_929.mat,0
2_930.mat,0
2_931.mat,0
2_932.mat,0
2_933.mat,0
2_934.mat,0
2_935.mat,0
2_936.mat,0
2_937.mat,0
2_938.mat,0
2_939.mat,0
2_940.mat,0
2_941.mat,0
2_942.mat,0
2_943.mat,0
2_944.mat,0
2_945.mat,0
2_946.mat,0
2_947.mat,0
2_948.mat,0
2_949.mat,0
2_950.mat,0
2_951.mat,0
2_952.mat,0
2_953.mat,0
2_954.mat,0
2_955.mat,0
2_956.mat,0
2_957.mat,0
2_958.mat,0
2_959.mat,0
2_960.mat,0
2_961.mat,0
2_962.mat,0
2_963.mat,0
2_964.mat,0
2_965.mat,0
2_966.mat,0
2_967.mat,0
2_968.mat,0
2_969.mat,0
2_970.mat,0
2_971.mat,0
2_972.mat,0
2_973.mat,0
2_974.mat,0
2_975.mat,0
2_976.mat,0
2_977.mat,0
2_978.mat,0
2_979.mat,0
2_980.mat,0
2_981.mat,0
2_982.mat,0
2_983.mat,0
2_984.mat,0
2_985.mat,0
2_986.mat,0
2_987.mat,0
2_988.mat,0
2_989.mat,0
2_990.mat,0
2_991.mat,0
2_992.mat,0
2_993.mat,0
2_994.mat,0
2_995.mat,0
2_996.mat,0
2_997.mat,0
2_998.mat,0
2_999.mat,0
2_1000.mat,0
2_1001.mat,0
2_1002.mat,0
2_1003.mat,0
2_1004.mat,0
2_1005.mat,0
2_1006.mat,0
2_1007.mat,0
2_1008.mat,0
2_1009.mat,0
2_1010.mat,0
2_1011.mat,0
2_1012.mat,0
2_1013.mat,0
2_1014.mat,0
2_1015.mat,0
2_1016.mat,0
2_1017.mat,0
2_1018.mat,0
2_1019.mat,0
2_1020.mat,0
2_1021.mat,0
2_1022.mat,0
2_1023.mat,0
2_1024.mat,0
2_1025.mat,0
2_1026.mat,0
2_1027.mat,0
2_1028.mat,0
2_1029.mat,0
2_1030.mat,0
2_1031.mat,0
2_1032.mat,0
2_1033.mat,0
2_1034.mat,0
2_1035.mat,0
2_1036.mat,0
2_1037.mat,0
2_1038.mat,0
2_1039.mat,0
2_1040.mat,0
2_1041.mat,0
2_1042.mat,0
2_1043.mat,0
2_1044.mat,0
2_1045.mat,0
2_1046.mat,0
2_1047.mat,0
2_1048.mat,0
2_1049.mat,0
2_1050.mat,0
2_1051.mat,0
2_1052.mat,0
2_1053.mat,0
2_1054.mat,0
2_1055.mat,0
2_1056.mat,0
2_1057.mat,0
2_1058.mat,0
2_1059.mat,0
2_1060.mat,0
2_1061.mat,0
2_1062.mat,0
2_1063.mat,0
2_1064.mat,0
2_1065.mat,0
2_1066.mat,0
2_1067.mat,0
2_1068.mat,0
2_1069.mat,0
2_1070.mat,0
2_1071.mat,0
2_1072.mat,0
2_1073.mat,0
2_1074.mat,0
2_1075.mat,0
2_1076.mat,0
2_1077.mat,0
2_1078.mat,0
2_1079.mat,0
2_1080.mat,0
2_1081.mat,0
2_1082.mat,0
2_1083.mat,0
2_1084.mat,0
2_1085.mat,0
2_1086.mat,0
2_1087.mat,0
2_1088.mat,0
2_1089.mat,0
2_1090.mat,0
2_1091.mat,0
2_1092.mat,0
2_1093.mat,0
2_1094.mat,0
2_1095.mat,0
2_1096.mat,0
2_1097.mat,0
2_1098.mat,0
2_1099.mat,0
2_1100.mat,0
2_1101.mat,0
2_1102.mat,0
2_1103.mat,0
2_1104.mat,0
2_1105.mat,0
2_1106.mat,0
2_1107.mat,0
2_1108.mat,0
2_1109.mat,0
2_1110.mat,0
2_1111.mat,0
2_1112.mat,0
2_1113.mat,0
2_1114.mat,0
2_1115.mat,0
2_1116.mat,0
2_1117.mat,0
2_1118.mat,0
2_1119.mat,0
2_1120.mat,0
2_1121.mat,0
2_1122.mat,0
2_1123.mat,0
2_1124.mat,0
2_1125.mat,0
2_1126.mat,0
2_1127.mat,0
2_1128.mat,0
2_1129.mat,0
2_1130.mat,0
2_1131.mat,0
2_1132.mat,0
2_1133.mat,0
2_1134.mat,0
2_1135.mat,0
2_1136.mat,0
2_1137.mat,0
2_1138.mat,0
2_1139.mat,0
2_1140.mat,0
2_1141.mat,0
2_1142.mat,0
2_1143.mat,0
2_1144.mat,0
2_1145.mat,0
2_1146.mat,0
2_1147.mat,0
2_1148.mat,0
2_1149.mat,0
2_1150.mat,0
2_1151.mat,0
2_1152.mat,0
2_1153.mat,0
2_1154.mat,0
2_1155.mat,0
2_1156.mat,0
2_1157.mat,0
2_1158.mat,0
2_1159.mat,0
2_1160.mat,0
2_1161.mat,0
2_1162.mat,0
2_1163.mat,0
2_1164.mat,0
2_1165.mat,0
2_1166.mat,0
2_1167.mat,0
2_1168.mat,0
2_1169.mat,0
2_1170.mat,0
2_1171.mat,0
2_1172.mat,0
2_1173.mat,0
2_1174.mat,0
2_1175.mat,0
2_1176.mat,0
2_1177.mat,0
2_1178.mat,0
2_1179.mat,0
2_1180.mat,0
2_1181.mat,0
2_1182.mat,0
2_1183.mat,0
2_1184.mat,0
2_1185.mat,0
2_1186.mat,0
2_1187.mat,0
2_1188.mat,0
2_1189.mat,0
2_1190.mat,0
2_1191.mat,0
2_1192.mat,0
2_1193.mat,0
2_1194.mat,0
2_1195.mat,0
2_1196.mat,0
2_1197.mat,0
2_1198.mat,0
2_1199.mat,0
2_1200.mat,0
2_1201.mat,0
2_1202.mat,0
2_1203.mat,0
2_1204.mat,0
2_1205.mat,0
2_1206.mat,0
2_1207.mat,0
2_1208.mat,0
2_1209.mat,0
2_1210.mat,0
2_1211.mat,0
2_1212.mat,0
2_1213.mat,0
2_1214.mat,0
2_1215.mat,0
2_1216.mat,0
2_1217.mat,0
2_1218.mat,0
2_1219.mat,0
2_1220.mat,0
2_1221.mat,0
2_1222.mat,0
2_1223.mat,0
2_1224.mat,0
2_1225.mat,0
2_1226.mat,0
2_1227.mat,0
2_1228.mat,0
2_1229.mat,0
2_1230.mat,0
2_1231.mat,0
2_1232.mat,0
2_1233.mat,0
2_1234.mat,0
2_1235.mat,0
2_1236.mat,0
2_1237.mat,0
2_1238.mat,0
2_1239.mat,0
2_1240.mat,0
2_1241.mat,0
2_1242.mat,0
2_1243.mat,0
2_1244.mat,0
2_1245.mat,0
2_1246.mat,0
2_1247.mat,0
2_1248.mat,0
2_1249.mat,0
2_1250.mat,0
2_1251.mat,0
2_1252.mat,0
2_1253.mat,0
2_1254.mat,0
2_1255.mat,0
2_1256.mat,0
2_1257.mat,0
2_1258.mat,0
2_1259.mat,0
2_1260.mat,0
2_1261.mat,0
2_1262.mat,0
2_1263.mat,0
2_1264.mat,0
2_1265.mat,0
2_1266.mat,0
2_1267.mat,0
2_1268.mat,0
2_1269.mat,0
2_1270.mat,0
2_1271.mat,0
2_1272.mat,0
2_1273.mat,0
2_1274.mat,0
2_1275.mat,0
2_1276.mat,0
2_1277.mat,0
2_1278.mat,0
2_1279.mat,0
2_1280.mat,0
2_1281.mat,0
2_1282.mat,0
2_1283.mat,0
2_1284.mat,0
2_1285.mat,0
2_1286.mat,0
2_1287.mat,0
2_1288.mat,0
2_1289.mat,0
2_1290.mat,0
2_1291.mat,0
2_1292.mat,0
2_1293.mat,0
2_1294.mat,0
2_1295.mat,0
2_1296.mat,0
2_1297.mat,0
2_1298.mat,0
2_1299.mat,0
2_1300.mat,0
2_1301.mat,0
2_1302.mat,0
2_1303.mat,0
2_1304.mat,0
2_1305.mat,0
2_1306.mat,0
2_1307.mat,0
2_1308.mat,0
2_1309.mat,0
2_1310.mat,0
2_1311.mat,0
2_1312.mat,0
2_1313.mat,0
2_1314.mat,0
2_1315.mat,0
2_1316.mat,0
2_1317.mat,0
2_1318.mat,0
2_1319.mat,0
2_1320.mat,0
2_1321.mat,0
2_1322.mat,0
2_1323.mat,0
2_1324.mat,0
2_1325.mat,0
2_1326.mat,0
2_1327.mat,0
2_1328.mat,0
2_1329.mat,0
2_1330.mat,0
2_1331.mat,0
2_1332.mat,0
2_1333.mat,0
2_1334.mat,0
2_1335.mat,0
2_1336.mat,0
2_1337.mat,0
2_1338.mat,0
2_1339.mat,0
2_1340.mat,0
2_1341.mat,0
2_1342.mat,0
2_1343.mat,0
2_1344.mat,0
2_1345.mat,0
2_1346.mat,0
2_1347.mat,0
2_1348.mat,0
2_1349.mat,0
2_1350.mat,0
2_1351.mat,0
2_1352.mat,0
2_1353.mat,0
2_1354.mat,0
2_1355.mat,0
2_1356.mat,0
2_1357.mat,0
2_1358.mat,0
2_1359.mat,0
2_1360.mat,0
2_1361.mat,0
2_1362.mat,0
2_1363.mat,0
2_1364.mat,0
2_1365.mat,0
2_1366.mat,0
2_1367.mat,0
2_1368.mat,0
2_1369.mat,0
2_1370.mat,0
2_1371.mat,0
2_1372.mat,0
2_1373.mat,0
2_1374.mat,0
2_1375.mat,0
2_1376.mat,0
2_1377.mat,0
2_1378.mat,0
2_1379.mat,0
2_1380.mat,0
2_1381.mat,0
2_1382.mat,0
2_1383.mat,0
2_1384.mat,0
2_1385.mat,0
2_1386.mat,0
2_1387.mat,0
2_1388.mat,0
2_1389.mat,0
2_1390.mat,0
2_1391.mat,0
2_1392.mat,0
2_1393.mat,0
2_1394.mat,0
2_1395.mat,0
2_1396.mat,0
2_1397.mat,0
2_1398.mat,0
2_1399.mat,0
2_1400.mat,0
2_1401.mat,0
2_1402.mat,0
2_1403.mat,0
2_1404.mat,0
2_1405.mat,0
2_1406.mat,0
2_1407.mat,0
2_1408.mat,0
2_1409.mat,0
2_1410.mat,0
2_1411.mat,0
2_1412.mat,0
2_1413.mat,0
2_1414.mat,0
2_1415.mat,0
2_1416.mat,0
2_1417.mat,0
2_1418.mat,0
2_1419.mat,0
2_1420.mat,0
2_1421.mat,0
2_1422.mat,0
2_1423.mat,0
2_1424.mat,0
2_1425.mat,0
2_1426.mat,0
2_1427.mat,0
2_1428.mat,0
2_1429.mat,0
2_1430.mat,0
2_1431.mat,0
2_1432.mat,0
2_1433.mat,0
2_1434.mat,0
2_1435.mat,0
2_1436.mat,0
2_1437.mat,0
2_1438.mat,0
2_1439.mat,0
2_1440.mat,0
2_1441.mat,0
2_1442.mat,0
2_1443.mat,0
2_1444.mat,0
2_1445.mat,0
2_1446.mat,0
2_1447.mat,0
2_1448.mat,0
2_1449.mat,0
2_1450.mat,0
2_1451.mat,0
2_1452.mat,0
2_1453.mat,0
2_1454.mat,0
2_1455.mat,0
2_1456.mat,0
2_1457.mat,0
2_1458.mat,0
2_1459.mat,0
2_1460.mat,0
2_1461.mat,0
2_1462.mat,0
2_1463.mat,0
2_1464.mat,0
2_1465.mat,0
2_1466.mat,0
2_1467.mat,0
2_1468.mat,0
2_1469.mat,0
2_1470.mat,0
2_1471.mat,0
2_1472.mat,0
2_1473.mat,0
2_1474.mat,0
2_1475.mat,0
2_1476.mat,0
2_1477.mat,0
2_1478.mat,0
2_1479.mat,0
2_1480.mat,0
2_1481.mat,0
2_1482.mat,0
2_1483.mat,0
2_1484.mat,0
2_1485.mat,0
2_1486.mat,0
2_1487.mat,0
2_1488.mat,0
2_1489.mat,0
2_1490.mat,0
2_1491.mat,0
2_1492.mat,0
2_1493.mat,0
2_1494.mat,0
2_1495.mat,0
2_1496.mat,0
2_1497.mat,0
2_1498.mat,0
2_1499.mat,0
2_1500.mat,0
2_1501.mat,0
2_1502.mat,0
2_1503.mat,0
2_1504.mat,0
2_1505.mat,0
2_1506.mat,0
2_1507.mat,0
2_1508.mat,0
2_1509.mat,0
2_1510.mat,0
2_1511.mat,0
2_1512.mat,0
2_1513.mat,0
2_1514.mat,0
2_1515.mat,0
2_1516.mat,0
2_1517.mat,0
2_1518.mat,0
2_1519.mat,0
2_1520.mat,0
2_1521.mat,0
2_1522.mat,0
2_1523.mat,0
2_1524.mat,0
2_1525.mat,0
2_1526.mat,0
2_1527.mat,0
2_1528.mat,0
2_1529.mat,0
2_1530.mat,0
2_1531.mat,0
2_1532.mat,0
2_1533.mat,0
2_1534.mat,0
2_1535.mat,0
2_1536.mat,0
2_1537.mat,0
2_1538.mat,0
2_1539.mat,0
2_1540.mat,0
2_1541.mat,0
2_1542.mat,0
2_1543.mat,0
2_1544.mat,0
2_1545.mat,0
2_1546.mat,0
2_1547.mat,0
2_1548.mat,0
2_1549.mat,0
2_1550.mat,0
2_1551.mat,0
2_1552.mat,0
2_1553.mat,0
2_1554.mat,0
2_1555.mat,0
2_1556.mat,0
2_1557.mat,0
2_1558.mat,0
2_1559.mat,0
2_1560.mat,0
2_1561.mat,0
2_1562.mat,0
2_1563.mat,0
2_1564.mat,0
2_1565.mat,0
2_1566.mat,0
2_1567.mat,0
2_1568.mat,0
2_1569.mat,0
2_1570.mat,0
2_1571.mat,0
2_1572.mat,0
2_1573.mat,0
2_1574.mat,0
2_1575.mat,0
2_1576.mat,0
2_1577.mat,0
2_1578.mat,0
2_1579.mat,0
2_1580.mat,0
2_1581.mat,0
2_1582.mat,0
2_1583.mat,0
2_1584.mat,0
2_1585.mat,0
2_1586.mat,0
2_1587.mat,0
2_1588.mat,0
2_1589.mat,0
2_1590.mat,0
2_1591.mat,0
2_1592.mat,0
2_1593.mat,0
2_1594.mat,0
2_1595.mat,0
2_1596.mat,0
2_1597.mat,0
2_1598.mat,0
2_1599.mat,0
2_1600.mat,0
2_1601.mat,0
2_1602.mat,0
2_1603.mat,0
2_1604.mat,0
2_1605.mat,0
2_1606.mat,0
2_1607.mat,0
2_1608.mat,0
2_1609.mat,0
2_1610.mat,0
2_1611.mat,0
2_1612.mat,0
2_1613.mat,0
2_1614.mat,0
2_1615.mat,0
2_1616.mat,0
2_1617.mat,0
2_1618.mat,0
2_1619.mat,0
2_1620.mat,0
2_1621.mat,0
2_1622.mat,0
2_1623.mat,0
2_1624.mat,0
2_1625.mat,0
2_1626.mat,0
2_1627.mat,0
2_1628.mat,0
2_1629.mat,0
2_1630.mat,0
2_1631.mat,0
2_1632.mat,0
2_1633.mat,0
2_1634.mat,0
2_1635.mat,0
2_1636.mat,0
2_1637.mat,0
2_1638.mat,0
2_1639.mat,0
2_1640.mat,0
2_1641.mat,0
2_1642.mat,0
2_1643.mat,0
2_1644.mat,0
2_1645.mat,0
2_1646.mat,0
2_1647.mat,0
2_1648.mat,0
2_1649.mat,0
2_1650.mat,0
2_1651.mat,0
2_1652.mat,0
2_1653.mat,0
2_1654.mat,0
2_1655.mat,0
2_1656.mat,0
2_1657.mat,0
2_1658.mat,0
2_1659.mat,0
2_1660.mat,0
2_1661.mat,0
2_1662.mat,0
2_1663.mat,0
2_1664.mat,0
2_1665.mat,0
2_1666.mat,0
2_1667.mat,0
2_1668.mat,0
2_1669.mat,0
2_1670.mat,0
2_1671.mat,0
2_1672.mat,0
2_1673.mat,0
2_1674.mat,0
2_1675.mat,0
2_1676.mat,0
2_1677.mat,0
2_1678.mat,0
2_1679.mat,0
2_1680.mat,0
2_1681.mat,0
2_1682.mat,0
2_1683.mat,0
2_1684.mat,0
2_1685.mat,0
2_1686.mat,0
2_1687.mat,0
2_1688.mat,0
2_1689.mat,0
2_1690.mat,0
2_1691.mat,0
2_1692.mat,0
2_1693.mat,0
2_1694.mat,0
2_1695.mat,0
2_1696.mat,0
2_1697.mat,0
2_1698.mat,0
2_1699.mat,0
2_1700.mat,0
2_1701.mat,0
2_1702.mat,0
2_1703.mat,0
2_1704.mat,0
2_1705.mat,0
2_1706.mat,0
2_1707.mat,0
2_1708.mat,0
2_1709.mat,0
2_1710.mat,0
2_1711.mat,0
2_1712.mat,0
2_1713.mat,0
2_1714.mat,0
2_1715.mat,0
2_1716.mat,0
2_1717.mat,0
2_1718.mat,0
2_1719.mat,0
2_1720.mat,0
2_1721.mat,0
2_1722.mat,0
2_1723.mat,0
2_1724.mat,0
2_1725.mat,0
2_1726.mat,0
2_1727.mat,0
2_1728.mat,0
2_1729.mat,0
2_1730.mat,0
2_1731.mat,0
2_1732.mat,0
2_1733.mat,0
2_1734.mat,0
2_1735.mat,0
2_1736.mat,0
2_1737.mat,0
2_1738.mat,0
2_1739.mat,0
2_1740.mat,0
2_1741.mat,0
2_1742.mat,0
2_1743.mat,0
2_1744.mat,0
2_1745.mat,0
2_1746.mat,0
2_1747.mat,0
2_1748.mat,0
2_1749.mat,0
2_1750.mat,0
2_1751.mat,0
2_1752.mat,0
2_1753.mat,0
2_1754.mat,0
2_1755.mat,0
2_1756.mat,0
2_1757.mat,0
2_1758.mat,0
2_1759.mat,0
2_1760.mat,0
2_1761.mat,0
2_1762.mat,0
2_1763.mat,0
2_1764.mat,0
2_1765.mat,0
2_1766.mat,0
2_1767.mat,0
2_1768.mat,0
2_1769.mat,0
2_1770.mat,0
2_1771.mat,0
2_1772.mat,0
2_1773.mat,0
2_1774.mat,0
2_1775.mat,0
2_1776.mat,0
2_1777.mat,0
2_1778.mat,0
2_1779.mat,0
2_1780.mat,0
2_1781.mat,0
2_1782.mat,0
2_1783.mat,0
2_1784.mat,0
2_1785.mat,0
2_1786.mat,0
2_1787.mat,0
2_1788.mat,0
2_1789.mat,0
2_1790.mat,0
2_1791.mat,0
2_1792.mat,0
2_1793.mat,0
2_1794.mat,0
2_1795.mat,0
2_1796.mat,0
2_1797.mat,0
2_1798.mat,0
2_1799.mat,0
2_1800.mat,0
2_1801.mat,0
2_1802.mat,0
2_1803.mat,0
2_1804.mat,0
2_1805.mat,0
2_1806.mat,0
2_1807.mat,0
2_1808.mat,0
2_1809.mat,0
2_1810.mat,0
2_1811.mat,0
2_1812.mat,0
2_1813.mat,0
2_1814.mat,0
2_1815.mat,0
2_1816.mat,0
2_1817.mat,0
2_1818.mat,0
2_1819.mat,0
2_1820.mat,0
2_1821.mat,0
2_1822.mat,0
2_1823.mat,0
2_1824.mat,0
2_1825.mat,0
2_1826.mat,0
2_1827.mat,0
2_1828.mat,0
2_1829.mat,0
2_1830.mat,0
2_1831.mat,0
2_1832.mat,0
2_1833.mat,0
2_1834.mat,0
2_1835.mat,0
2_1836.mat,0
2_1837.mat,0
2_1838.mat,0
2_1839.mat,0
2_1840.mat,0
2_1841.mat,0
2_1842.mat,0
2_1843.mat,0
2_1844.mat,0
2_1845.mat,0
2_1846.mat,0
2_1847.mat,0
2_1848.mat,0
2_1849.mat,0
2_1850.mat,0
2_1851.mat,0
2_1852.mat,0
2_1853.mat,0
2_1854.mat,0
2_1855.mat,0
2_1856.mat,0
2_1857.mat,0
2_1858.mat,0
2_1859.mat,0
2_1860.mat,0
2_1861.mat,0
2_1862.mat,0
2_1863.mat,0
2_1864.mat,0
2_1865.mat,0
2_1866.mat,0
2_1867.mat,0
2_1868.mat,0
2_1869.mat,0
2_1870.mat,0
2_1871.mat,0
2_1872.mat,0
2_1873.mat,0
2_1874.mat,0
2_1875.mat,0
2_1876.mat,0
2_1877.mat,0
2_1878.mat,0
2_1879.mat,0
2_1880.mat,0
2_1881.mat,0
2_1882.mat,0
2_1883.mat,0
2_1884.mat,0
2_1885.mat,0
2_1886.mat,0
2_1887.mat,0
2_1888.mat,0
2_1889.mat,0
2_1890.mat,0
2_1891.mat,0
2_1892.mat,0
2_1893.mat,0
2_1894.mat,0
2_1895.mat,0
2_1896.mat,0
2_1897.mat,0
2_1898.mat,0
2_1899.mat,0
2_1900.mat,0
2_1901.mat,0
2_1902.mat,0
2_1903.mat,0
2_1904.mat,0
2_1905.mat,0
2_1906.mat,0
2_1907.mat,0
2_1908.mat,0
2_1909.mat,0
2_1910.mat,0
2_1911.mat,0
2_1912.mat,0
2_1913.mat,0
2_1914.mat,0
2_1915.mat,0
2_1916.mat,0
2_1917.mat,0
2_1918.mat,0
2_1919.mat,0
2_1920.mat,0
2_1921.mat,0
2_1922.mat,0
2_1923.mat,0
2_1924.mat,0
2_1925.mat,0
2_1926.mat,0
2_1927.mat,0
2_1928.mat,0
2_1929.mat,0
2_1930.mat,0
2_1931.mat,0
2_1932.mat,0
2_1933.mat,0
2_1934.mat,0
2_1935.mat,0
2_1936.mat,0
2_1937.mat,0
2_1938.mat,0
2_1939.mat,0
2_1940.mat,0
2_1941.mat,0
2_1942.mat,0
2_1943.mat,0
2_1944.mat,0
2_1945.mat,0
2_1946.mat,0
2_1947.mat,0
2_1948.mat,0
2_1949.mat,0
2_1950.mat,0
2_1951.mat,0
2_1952.mat,0
2_1953.mat,0
2_1954.mat,0
2_1955.mat,0
2_1956.mat,0
2_1957.mat,0
2_1958.mat,0
2_1959.mat,0
2_1960.mat,0
2_1961.mat,0
2_1962.mat,0
2_1963.mat,0
2_1964.mat,0
2_1965.mat,0
2_1966.mat,0
2_1967.mat,0
2_1968.mat,0
2_1969.mat,0
2_1970.mat,0
2_1971.mat,0
2_1972.mat,0
2_1973.mat,0
2_1974.mat,0
2_1975.mat,0
2_1976.mat,0
2_1977.mat,0
2_1978.mat,0
2_1979.mat,0
2_1980.mat,0
2_1981.mat,0
2_1982.mat,0
2_1983.mat,0
2_1984.mat,0
2_1985.mat,0
2_1986.mat,0
2_1987.mat,0
2_1988.mat,0
2_1989.mat,0
2_1990.mat,0
2_1991.mat,0
2_1992.mat,0
2_1993.mat,0
2_1994.mat,0
2_1995.mat,0
2_1996.mat,0
2_1997.mat,0
2_1998.mat,0
2_1999.mat,0
2_2000.mat,0
2_2001.mat,0
2_2002.mat,0
2_2003.mat,0
2_2004.mat,0
2_2005.mat,0
2_2006.mat,0
2_2007.mat,0
2_2008.mat,0
2_2009.mat,0
2_2010.mat,0
2_2011.mat,0
2_2012.mat,0
2_2013.mat,0
2_2014.mat,0
2_2015.mat,0
2_2016.mat,0
2_2017.mat,0
2_2018.mat,0
2_2019.mat,0
2_2020.mat,0
2_2021.mat,0
2_2022.mat,0
2_2023.mat,0
2_2024.mat,0
2_2025.mat,0
2_2026.mat,0
2_2027.mat,0
2_2028.mat,0
2_2029.mat,0
2_2030.mat,0
2_2031.mat,0
2_2032.mat,0
2_2033.mat,0
2_2034.mat,0
2_2035.mat,0
2_2036.mat,0
2_2037.mat,0
2_2038.mat,0
2_2039.mat,0
2_2040.mat,0
2_2041.mat,0
2_2042.mat,0
2_2043.mat,0
2_2044.mat,0
2_2045.mat,0
2_2046.mat,0
2_2047.mat,0
2_2048.mat,0
2_2049.mat,0
2_2050.mat,0
2_2051.mat,0
2_2052.mat,0
2_2053.mat,0
2_2054.mat,0
2_2055.mat,0
2_2056.mat,0
2_2057.mat,0
2_2058.mat,0
2_2059.mat,0
2_2060.mat,0
2_2061.mat,0
2_2062.mat,0
2_2063.mat,0
2_2064.mat,0
2_2065.mat,0
2_2066.mat,0
2_2067.mat,0
2_2068.mat,0
2_2069.mat,0
2_2070.mat,0
2_2071.mat,0
2_2072.mat,0
2_2073.mat,0
2_2074.mat,0
2_2075.mat,0
2_2076.mat,0
2_2077.mat,0
2_2078.mat,0
2_2079.mat,0
2_2080.mat,0
2_2081.mat,0
2_2082.mat,0
2_2083.mat,0
2_2084.mat,0
2_2085.mat,0
2_2086.mat,0
2_2087.mat,0
2_2088.mat,0
2_2089.mat,0
2_2090.mat,0
2_2091.mat,0
2_2092.mat,0
2_2093.mat,0
2_2094.mat,0
2_2095.mat,0
2_2096.mat,0
2_2097.mat,0
2_2098.mat,0
2_2099.mat,0
2_2100.mat,0
2_2101.mat,0
2_2102.mat,0
2_2103.mat,0
2_2104.mat,0
2_2105.mat,0
2_2106.mat,0
2_2107.mat,0
2_2108.mat,0
2_2109.mat,0
2_2110.mat,0
2_2111.mat,0
2_2112.mat,0
2_2113.mat,0
2_2114.mat,0
2_2115.mat,0
2_2116.mat,0
2_2117.mat,0
2_2118.mat,0
2_2119.mat,0
2_2120.mat,0
2_2121.mat,0
2_2122.mat,0
2_2123.mat,0
2_2124.mat,0
2_2125.mat,0
2_2126.mat,0
2_2127.mat,0
2_2128.mat,0
2_2129.mat,0
2_2130.mat,0
2_2131.mat,0
2_2132.mat,0
2_2133.mat,0
2_2134.mat,0
2_2135.mat,0
2_2136.mat,0
2_2137.mat,0
2_2138.mat,0
2_2139.mat,0
2_2140.mat,0
2_2141.mat,0
2_2142.mat,0
2_2143.mat,0
2_2144.mat,0
2_2145.mat,0
2_2146.mat,0
2_2147.mat,0
2_2148.mat,0
2_2149.mat,0
2_2150.mat,0
2_2151.mat,0
2_2152.mat,0
2_2153.mat,0
2_2154.mat,0
2_2155.mat,0
2_2156.mat,0
2_2157.mat,0
2_2158.mat,0
2_2159.mat,0
2_2160.mat,0
2_2161.mat,0
2_2162.mat,0
2_2163.mat,0
2_2164.mat,0
2_2165.mat,0
2_2166.mat,0
2_2167.mat,0
2_2168.mat,0
2_2169.mat,0
2_2170.mat,0
2_2171.mat,0
2_2172.mat,0
2_2173.mat,0
2_2174.mat,0
2_2175.mat,0
2_2176.mat,0
2_2177.mat,0
2_2178.mat,0
2_2179.mat,0
2_2180.mat,0
2_2181.mat,0
2_2182.mat,0
2_2183.mat,0
2_2184.mat,0
2_2185.mat,0
2_2186.mat,0
2_2187.mat,0
2_2188.mat,0
2_2189.mat,0
2_2190.mat,0
2_2191.mat,0
2_2192.mat,0
2_2193.mat,0
2_2194.mat,0
2_2195.mat,0
2_2196.mat,0
2_2197.mat,0
2_2198.mat,0
2_2199.mat,0
2_2200.mat,0
2_2201.mat,0
2_2202.mat,0
2_2203.mat,0
2_2204.mat,0
2_2205.mat,0
2_2206.mat,0
2_2207.mat,0
2_2208.mat,0
2_2209.mat,0
2_2210.mat,0
2_2211.mat,0
2_2212.mat,0
2_2213.mat,0
2_2214.mat,0
2_2215.mat,0
2_2216.mat,0
2_2217.mat,0
2_2218.mat,0
2_2219.mat,0
2_2220.mat,0
2_2221.mat,0
2_2222.mat,0
2_2223.mat,0
2_2224.mat,0
2_2225.mat,0
2_2226.mat,0
2_2227.mat,0
2_2228.mat,0
2_2229.mat,0
2_2230.mat,0
2_2231.mat,0
2_2232.mat,0
2_2233.mat,0
2_2234.mat,0
2_2235.mat,0
2_2236.mat,0
2_2237.mat,0
2_2238.mat,0
2_2239.mat,0
2_2240.mat,0
2_2241.mat,0
2_2242.mat,0
2_2243.mat,0
2_2244.mat,0
2_2245.mat,0
2_2246.mat,0
2_2247.mat,0
2_2248.mat,0
2_2249.mat,0
2_2250.mat,0
2_2251.mat,0
2_2252.mat,0
2_2253.mat,0
2_2254.mat,0
2_2255.mat,0
2_2256.mat,0
3_1.mat,0
3_2.mat,0
3_3.mat,0
3_4.mat,0
3_5.mat,0
3_6.mat,0
3_7.mat,0
3_8.mat,0
3_9.mat,0
3_10.mat,0
3_11.mat,0
3_12.mat,0
3_13.mat,0
3_14.mat,0
3_15.mat,0
3_16.mat,0
3_17.mat,0
3_18.mat,0
3_19.mat,0
3_20.mat,0
3_21.mat,0
3_22.mat,0
3_23.mat,0
3_24.mat,0
3_25.mat,0
3_26.mat,0
3_27.mat,0
3_28.mat,0
3_29.mat,0
3_30.mat,0
3_31.mat,0
3_32.mat,0
3_33.mat,0
3_34.mat,0
3_35.mat,0
3_36.mat,0
3_37.mat,0
3_38.mat,0
3_39.mat,0
3_40.mat,0
3_41.mat,0
3_42.mat,0
3_43.mat,0
3_44.mat,0
3_45.mat,0
3_46.mat,0
3_47.mat,0
3_48.mat,0
3_49.mat,0
3_50.mat,0
3_51.mat,0
3_52.mat,0
3_53.mat,0
3_54.mat,0
3_55.mat,0
3_56.mat,0
3_57.mat,0
3_58.mat,0
3_59.mat,0
3_60.mat,0
3_61.mat,0
3_62.mat,0
3_63.mat,0
3_64.mat,0
3_65.mat,0
3_66.mat,0
3_67.mat,0
3_68.mat,0
3_69.mat,0
3_70.mat,0
3_71.mat,0
3_72.mat,0
3_73.mat,0
3_74.mat,0
3_75.mat,0
3_76.mat,0
3_77.mat,0
3_78.mat,0
3_79.mat,0
3_80.mat,0
3_81.mat,0
3_82.mat,0
3_83.mat,0
3_84.mat,0
3_85.mat,0
3_86.mat,0
3_87.mat,0
3_88.mat,0
3_89.mat,0
3_90.mat,0
3_91.mat,0
3_92.mat,0
3_93.mat,0
3_94.mat,0
3_95.mat,0
3_96.mat,0
3_97.mat,0
3_98.mat,0
3_99.mat,0
3_100.mat,0
3_101.mat,0
3_102.mat,0
3_103.mat,0
3_104.mat,0
3_105.mat,0
3_106.mat,0
3_107.mat,0
3_108.mat,0
3_109.mat,0
3_110.mat,0
3_111.mat,0
3_112.mat,0
3_113.mat,0
3_114.mat,0
3_115.mat,0
3_116.mat,0
3_117.mat,0
3_118.mat,0
3_119.mat,0
3_120.mat,0
3_121.mat,0
3_122.mat,0
3_123.mat,0
3_124.mat,0
3_125.mat,0
3_126.mat,0
3_127.mat,0
3_128.mat,0
3_129.mat,0
3_130.mat,0
3_131.mat,0
3_132.mat,0
3_133.mat,0
3_134.mat,0
3_135.mat,0
3_136.mat,0
3_137.mat,0
3_138.mat,0
3_139.mat,0
3_140.mat,0
3_141.mat,0
3_142.mat,0
3_143.mat,0
3_144.mat,0
3_145.mat,0
3_146.mat,0
3_147.mat,0
3_148.mat,0
3_149.mat,0
3_150.mat,0
3_151.mat,0
3_152.mat,0
3_153.mat,0
3_154.mat,0
3_155.mat,0
3_156.mat,0
3_157.mat,0
3_158.mat,0
3_159.mat,0
3_160.mat,0
3_161.mat,0
3_162.mat,0
3_163.mat,0
3_164.mat,0
3_165.mat,0
3_166.mat,0
3_167.mat,0
3_168.mat,0
3_169.mat,0
3_170.mat,0
3_171.mat,0
3_172.mat,0
3_173.mat,0
3_174.mat,0
3_175.mat,0
3_176.mat,0
3_177.mat,0
3_178.mat,0
3_179.mat,0
3_180.mat,0
3_181.mat,0
3_182.mat,0
3_183.mat,0
3_184.mat,0
3_185.mat,0
3_186.mat,0
3_187.mat,0
3_188.mat,0
3_189.mat,0
3_190.mat,0
3_191.mat,0
3_192.mat,0
3_193.mat,0
3_194.mat,0
3_195.mat,0
3_196.mat,0
3_197.mat,0
3_198.mat,0
3_199.mat,0
3_200.mat,0
3_201.mat,0
3_202.mat,0
3_203.mat,0
3_204.mat,0
3_205.mat,0
3_206.mat,0
3_207.mat,0
3_208.mat,0
3_209.mat,0
3_210.mat,0
3_211.mat,0
3_212.mat,0
3_213.mat,0
3_214.mat,0
3_215.mat,0
3_216.mat,0
3_217.mat,0
3_218.mat,0
3_219.mat,0
3_220.mat,0
3_221.mat,0
3_222.mat,0
3_223.mat,0
3_224.mat,0
3_225.mat,0
3_226.mat,0
3_227.mat,0
3_228.mat,0
3_229.mat,0
3_230.mat,0
3_231.mat,0
3_232.mat,0
3_233.mat,0
3_234.mat,0
3_235.mat,0
3_236.mat,0
3_237.mat,0
3_238.mat,0
3_239.mat,0
3_240.mat,0
3_241.mat,0
3_242.mat,0
3_243.mat,0
3_244.mat,0
3_245.mat,0
3_246.mat,0
3_247.mat,0
3_248.mat,0
3_249.mat,0
3_250.mat,0
3_251.mat,0
3_252.mat,0
3_253.mat,0
3_254.mat,0
3_255.mat,0
3_256.mat,0
3_257.mat,0
3_258.mat,0
3_259.mat,0
3_260.mat,0
3_261.mat,0
3_262.mat,0
3_263.mat,0
3_264.mat,0
3_265.mat,0
3_266.mat,0
3_267.mat,0
3_268.mat,0
3_269.mat,0
3_270.mat,0
3_271.mat,0
3_272.mat,0
3_273.mat,0
3_274.mat,0
3_275.mat,0
3_276.mat,0
3_277.mat,0
3_278.mat,0
3_279.mat,0
3_280.mat,0
3_281.mat,0
3_282.mat,0
3_283.mat,0
3_284.mat,0
3_285.mat,0
3_286.mat,0
3_287.mat,0
3_288.mat,0
3_289.mat,0
3_290.mat,0
3_291.mat,0
3_292.mat,0
3_293.mat,0
3_294.mat,0
3_295.mat,0
3_296.mat,0
3_297.mat,0
3_298.mat,0
3_299.mat,0
3_300.mat,0
3_301.mat,0
3_302.mat,0
3_303.mat,0
3_304.mat,0
3_305.mat,0
3_306.mat,0
3_307.mat,0
3_308.mat,0
3_309.mat,0
3_310.mat,0
3_311.mat,0
3_312.mat,0
3_313.mat,0
3_314.mat,0
3_315.mat,0
3_316.mat,0
3_317.mat,0
3_318.mat,0
3_319.mat,0
3_320.mat,0
3_321.mat,0
3_322.mat,0
3_323.mat,0
3_324.mat,0
3_325.mat,0
3_326.mat,0
3_327.mat,0
3_328.mat,0
3_329.mat,0
3_330.mat,0
3_331.mat,0
3_332.mat,0
3_333.mat,0
3_334.mat,0
3_335.mat,0
3_336.mat,0
3_337.mat,0
3_338.mat,0
3_339.mat,0
3_340.mat,0
3_341.mat,0
3_342.mat,0
3_343.mat,0
3_344.mat,0
3_345.mat,0
3_346.mat,0
3_347.mat,0
3_348.mat,0
3_349.mat,0
3_350.mat,0
3_351.mat,0
3_352.mat,0
3_353.mat,0
3_354.mat,0
3_355.mat,0
3_356.mat,0
3_357.mat,0
3_358.mat,0
3_359.mat,0
3_360.mat,0
3_361.mat,0
3_362.mat,0
3_363.mat,0
3_364.mat,0
3_365.mat,0
3_366.mat,0
3_367.mat,0
3_368.mat,0
3_369.mat,0
3_370.mat,0
3_371.mat,0
3_372.mat,0
3_373.mat,0
3_374.mat,0
3_375.mat,0
3_376.mat,0
3_377.mat,0
3_378.mat,0
3_379.mat,0
3_380.mat,0
3_381.mat,0
3_382.mat,0
3_383.mat,0
3_384.mat,0
3_385.mat,0
3_386.mat,0
3_387.mat,0
3_388.mat,0
3_389.mat,0
3_390.mat,0
3_391.mat,0
3_392.mat,0
3_393.mat,0
3_394.mat,0
3_395.mat,0
3_396.mat,0
3_397.mat,0
3_398.mat,0
3_399.mat,0
3_400.mat,0
3_401.mat,0
3_402.mat,0
3_403.mat,0
3_404.mat,0
3_405.mat,0
3_406.mat,0
3_407.mat,0
3_408.mat,0
3_409.mat,0
3_410.mat,0
3_411.mat,0
3_412.mat,0
3_413.mat,0
3_414.mat,0
3_415.mat,0
3_416.mat,0
3_417.mat,0
3_418.mat,0
3_419.mat,0
3_420.mat,0
3_421.mat,0
3_422.mat,0
3_423.mat,0
3_424.mat,0
3_425.mat,0
3_426.mat,0
3_427.mat,0
3_428.mat,0
3_429.mat,0
3_430.mat,0
3_431.mat,0
3_432.mat,0
3_433.mat,0
3_434.mat,0
3_435.mat,0
3_436.mat,0
3_437.mat,0
3_438.mat,0
3_439.mat,0
3_440.mat,0
3_441.mat,0
3_442.mat,0
3_443.mat,0
3_444.mat,0
3_445.mat,0
3_446.mat,0
3_447.mat,0
3_448.mat,0
3_449.mat,0
3_450.mat,0
3_451.mat,0
3_452.mat,0
3_453.mat,0
3_454.mat,0
3_455.mat,0
3_456.mat,0
3_457.mat,0
3_458.mat,0
3_459.mat,0
3_460.mat,0
3_461.mat,0
3_462.mat,0
3_463.mat,0
3_464.mat,0
3_465.mat,0
3_466.mat,0
3_467.mat,0
3_468.mat,0
3_469.mat,0
3_470.mat,0
3_471.mat,0
3_472.mat,0
3_473.mat,0
3_474.mat,0
3_475.mat,0
3_476.mat,0
3_477.mat,0
3_478.mat,0
3_479.mat,0
3_480.mat,0
3_481.mat,0
3_482.mat,0
3_483.mat,0
3_484.mat,0
3_485.mat,0
3_486.mat,0
3_487.mat,0
3_488.mat,0
3_489.mat,0
3_490.mat,0
3_491.mat,0
3_492.mat,0
3_493.mat,0
3_494.mat,0
3_495.mat,0
3_496.mat,0
3_497.mat,0
3_498.mat,0
3_499.mat,0
3_500.mat,0
3_501.mat,0
3_502.mat,0
3_503.mat,0
3_504.mat,0
3_505.mat,0
3_506.mat,0
3_507.mat,0
3_508.mat,0
3_509.mat,0
3_510.mat,0
3_511.mat,0
3_512.mat,0
3_513.mat,0
3_514.mat,0
3_515.mat,0
3_516.mat,0
3_517.mat,0
3_518.mat,0
3_519.mat,0
3_520.mat,0
3_521.mat,0
3_522.mat,0
3_523.mat,0
3_524.mat,0
3_525.mat,0
3_526.mat,0
3_527.mat,0
3_528.mat,0
3_529.mat,0
3_530.mat,0
3_531.mat,0
3_532.mat,0
3_533.mat,0
3_534.mat,0
3_535.mat,0
3_536.mat,0
3_537.mat,0
3_538.mat,0
3_539.mat,0
3_540.mat,0
3_541.mat,0
3_542.mat,0
3_543.mat,0
3_544.mat,0
3_545.mat,0
3_546.mat,0
3_547.mat,0
3_548.mat,0
3_549.mat,0
3_550.mat,0
3_551.mat,0
3_552.mat,0
3_553.mat,0
3_554.mat,0
3_555.mat,0
3_556.mat,0
3_557.mat,0
3_558.mat,0
3_559.mat,0
3_560.mat,0
3_561.mat,0
3_562.mat,0
3_563.mat,0
3_564.mat,0
3_565.mat,0
3_566.mat,0
3_567.mat,0
3_568.mat,0
3_569.mat,0
3_570.mat,0
3_571.mat,0
3_572.mat,0
3_573.mat,0
3_574.mat,0
3_575.mat,0
3_576.mat,0
3_577.mat,0
3_578.mat,0
3_579.mat,0
3_580.mat,0
3_581.mat,0
3_582.mat,0
3_583.mat,0
3_584.mat,0
3_585.mat,0
3_586.mat,0
3_587.mat,0
3_588.mat,0
3_589.mat,0
3_590.mat,0
3_591.mat,0
3_592.mat,0
3_593.mat,0
3_594.mat,0
3_595.mat,0
3_596.mat,0
3_597.mat,0
3_598.mat,0
3_599.mat,0
3_600.mat,0
3_601.mat,0
3_602.mat,0
3_603.mat,0
3_604.mat,0
3_605.mat,0
3_606.mat,0
3_607.mat,0
3_608.mat,0
3_609.mat,0
3_610.mat,0
3_611.mat,0
3_612.mat,0
3_613.mat,0
3_614.mat,0
3_615.mat,0
3_616.mat,0
3_617.mat,0
3_618.mat,0
3_619.mat,0
3_620.mat,0
3_621.mat,0
3_622.mat,0
3_623.mat,0
3_624.mat,0
3_625.mat,0
3_626.mat,0
3_627.mat,0
3_628.mat,0
3_629.mat,0
3_630.mat,0
3_631.mat,0
3_632.mat,0
3_633.mat,0
3_634.mat,0
3_635.mat,0
3_636.mat,0
3_637.mat,0
3_638.mat,0
3_639.mat,0
3_640.mat,0
3_641.mat,0
3_642.mat,0
3_643.mat,0
3_644.mat,0
3_645.mat,0
3_646.mat,0
3_647.mat,0
3_648.mat,0
3_649.mat,0
3_650.mat,0
3_651.mat,0
3_652.mat,0
3_653.mat,0
3_654.mat,0
3_655.mat,0
3_656.mat,0
3_657.mat,0
3_658.mat,0
3_659.mat,0
3_660.mat,0
3_661.mat,0
3_662.mat,0
3_663.mat,0
3_664.mat,0
3_665.mat,0
3_666.mat,0
3_667.mat,0
3_668.mat,0
3_669.mat,0
3_670.mat,0
3_671.mat,0
3_672.mat,0
3_673.mat,0
3_674.mat,0
3_675.mat,0
3_676.mat,0
3_677.mat,0
3_678.mat,0
3_679.mat,0
3_680.mat,0
3_681.mat,0
3_682.mat,0
3_683.mat,0
3_684.mat,0
3_685.mat,0
3_686.mat,0
3_687.mat,0
3_688.mat,0
3_689.mat,0
3_690.mat,0
3_691.mat,0
3_692.mat,0
3_693.mat,0
3_694.mat,0
3_695.mat,0
3_696.mat,0
3_697.mat,0
3_698.mat,0
3_699.mat,0
3_700.mat,0
3_701.mat,0
3_702.mat,0
3_703.mat,0
3_704.mat,0
3_705.mat,0
3_706.mat,0
3_707.mat,0
3_708.mat,0
3_709.mat,0
3_710.mat,0
3_711.mat,0
3_712.mat,0
3_713.mat,0
3_714.mat,0
3_715.mat,0
3_716.mat,0
3_717.mat,0
3_718.mat,0
3_719.mat,0
3_720.mat,0
3_721.mat,0
3_722.mat,0
3_723.mat,0
3_724.mat,0
3_725.mat,0
3_726.mat,0
3_727.mat,0
3_728.mat,0
3_729.mat,0
3_730.mat,0
3_731.mat,0
3_732.mat,0
3_733.mat,0
3_734.mat,0
3_735.mat,0
3_736.mat,0
3_737.mat,0
3_738.mat,0
3_739.mat,0
3_740.mat,0
3_741.mat,0
3_742.mat,0
3_743.mat,0
3_744.mat,0
3_745.mat,0
3_746.mat,0
3_747.mat,0
3_748.mat,0
3_749.mat,0
3_750.mat,0
3_751.mat,0
3_752.mat,0
3_753.mat,0
3_754.mat,0
3_755.mat,0
3_756.mat,0
3_757.mat,0
3_758.mat,0
3_759.mat,0
3_760.mat,0
3_761.mat,0
3_762.mat,0
3_763.mat,0
3_764.mat,0
3_765.mat,0
3_766.mat,0
3_767.mat,0
3_768.mat,0
3_769.mat,0
3_770.mat,0
3_771.mat,0
3_772.mat,0
3_773.mat,0
3_774.mat,0
3_775.mat,0
3_776.mat,0
3_777.mat,0
3_778.mat,0
3_779.mat,0
3_780.mat,0
3_781.mat,0
3_782.mat,0
3_783.mat,0
3_784.mat,0
3_785.mat,0
3_786.mat,0
3_787.mat,0
3_788.mat,0
3_789.mat,0
3_790.mat,0
3_791.mat,0
3_792.mat,0
3_793.mat,0
3_794.mat,0
3_795.mat,0
3_796.mat,0
3_797.mat,0
3_798.mat,0
3_799.mat,0
3_800.mat,0
3_801.mat,0
3_802.mat,0
3_803.mat,0
3_804.mat,0
3_805.mat,0
3_806.mat,0
3_807.mat,0
3_808.mat,0
3_809.mat,0
3_810.mat,0
3_811.mat,0
3_812.mat,0
3_813.mat,0
3_814.mat,0
3_815.mat,0
3_816.mat,0
3_817.mat,0
3_818.mat,0
3_819.mat,0
3_820.mat,0
3_821.mat,0
3_822.mat,0
3_823.mat,0
3_824.mat,0
3_825.mat,0
3_826.mat,0
3_827.mat,0
3_828.mat,0
3_829.mat,0
3_830.mat,0
3_831.mat,0
3_832.mat,0
3_833.mat,0
3_834.mat,0
3_835.mat,0
3_836.mat,0
3_837.mat,0
3_838.mat,0
3_839.mat,0
3_840.mat,0
3_841.mat,0
3_842.mat,0
3_843.mat,0
3_844.mat,0
3_845.mat,0
3_846.mat,0
3_847.mat,0
3_848.mat,0
3_849.mat,0
3_850.mat,0
3_851.mat,0
3_852.mat,0
3_853.mat,0
3_854.mat,0
3_855.mat,0
3_856.mat,0
3_857.mat,0
3_858.mat,0
3_859.mat,0
3_860.mat,0
3_861.mat,0
3_862.mat,0
3_863.mat,0
3_864.mat,0
3_865.mat,0
3_866.mat,0
3_867.mat,0
3_868.mat,0
3_869.mat,0
3_870.mat,0
3_871.mat,0
3_872.mat,0
3_873.mat,0
3_874.mat,0
3_875.mat,0
3_876.mat,0
3_877.mat,0
3_878.mat,0
3_879.mat,0
3_880.mat,0
3_881.mat,0
3_882.mat,0
3_883.mat,0
3_884.mat,0
3_885.mat,0
3_886.mat,0
3_887.mat,0
3_888.mat,0
3_889.mat,0
3_890.mat,0
3_891.mat,0
3_892.mat,0
3_893.mat,0
3_894.mat,0
3_895.mat,0
3_896.mat,0
3_897.mat,0
3_898.mat,0
3_899.mat,0
3_900.mat,0
3_901.mat,0
3_902.mat,0
3_903.mat,0
3_904.mat,0
3_905.mat,0
3_906.mat,0
3_907.mat,0
3_908.mat,0
3_909.mat,0
3_910.mat,0
3_911.mat,0
3_912.mat,0
3_913.mat,0
3_914.mat,0
3_915.mat,0
3_916.mat,0
3_917.mat,0
3_918.mat,0
3_919.mat,0
3_920.mat,0
3_921.mat,0
3_922.mat,0
3_923.mat,0
3_924.mat,0
3_925.mat,0
3_926.mat,0
3_927.mat,0
3_928.mat,0
3_929.mat,0
3_930.mat,0
3_931.mat,0
3_932.mat,0
3_933.mat,0
3_934.mat,0
3_935.mat,0
3_936.mat,0
3_937.mat,0
3_938.mat,0
3_939.mat,0
3_940.mat,0
3_941.mat,0
3_942.mat,0
3_943.mat,0
3_944.mat,0
3_945.mat,0
3_946.mat,0
3_947.mat,0
3_948.mat,0
3_949.mat,0
3_950.mat,0
3_951.mat,0
3_952.mat,0
3_953.mat,0
3_954.mat,0
3_955.mat,0
3_956.mat,0
3_957.mat,0
3_958.mat,0
3_959.mat,0
3_960.mat,0
3_961.mat,0
3_962.mat,0
3_963.mat,0
3_964.mat,0
3_965.mat,0
3_966.mat,0
3_967.mat,0
3_968.mat,0
3_969.mat,0
3_970.mat,0
3_971.mat,0
3_972.mat,0
3_973.mat,0
3_974.mat,0
3_975.mat,0
3_976.mat,0
3_977.mat,0
3_978.mat,0
3_979.mat,0
3_980.mat,0
3_981.mat,0
3_982.mat,0
3_983.mat,0
3_984.mat,0
3_985.mat,0
3_986.mat,0
3_987.mat,0
3_988.mat,0
3_989.mat,0
3_990.mat,0
3_991.mat,0
3_992.mat,0
3_993.mat,0
3_994.mat,0
3_995.mat,0
3_996.mat,0
3_997.mat,0
3_998.mat,0
3_999.mat,0
3_1000.mat,0
3_1001.mat,0
3_1002.mat,0
3_1003.mat,0
3_1004.mat,0
3_1005.mat,0
3_1006.mat,0
3_1007.mat,0
3_1008.mat,0
3_1009.mat,0
3_1010.mat,0
3_1011.mat,0
3_1012.mat,0
3_1013.mat,0
3_1014.mat,0
3_1015.mat,0
3_1016.mat,0
3_1017.mat,0
3_1018.mat,0
3_1019.mat,0
3_1020.mat,0
3_1021.mat,0
3_1022.mat,0
3_1023.mat,0
3_1024.mat,0
3_1025.mat,0
3_1026.mat,0
3_1027.mat,0
3_1028.mat,0
3_1029.mat,0
3_1030.mat,0
3_1031.mat,0
3_1032.mat,0
3_1033.mat,0
3_1034.mat,0
3_1035.mat,0
3_1036.mat,0
3_1037.mat,0
3_1038.mat,0
3_1039.mat,0
3_1040.mat,0
3_1041.mat,0
3_1042.mat,0
3_1043.mat,0
3_1044.mat,0
3_1045.mat,0
3_1046.mat,0
3_1047.mat,0
3_1048.mat,0
3_1049.mat,0
3_1050.mat,0
3_1051.mat,0
3_1052.mat,0
3_1053.mat,0
3_1054.mat,0
3_1055.mat,0
3_1056.mat,0
3_1057.mat,0
3_1058.mat,0
3_1059.mat,0
3_1060.mat,0
3_1061.mat,0
3_1062.mat,0
3_1063.mat,0
3_1064.mat,0
3_1065.mat,0
3_1066.mat,0
3_1067.mat,0
3_1068.mat,0
3_1069.mat,0
3_1070.mat,0
3_1071.mat,0
3_1072.mat,0
3_1073.mat,0
3_1074.mat,0
3_1075.mat,0
3_1076.mat,0
3_1077.mat,0
3_1078.mat,0
3_1079.mat,0
3_1080.mat,0
3_1081.mat,0
3_1082.mat,0
3_1083.mat,0
3_1084.mat,0
3_1085.mat,0
3_1086.mat,0
3_1087.mat,0
3_1088.mat,0
3_1089.mat,0
3_1090.mat,0
3_1091.mat,0
3_1092.mat,0
3_1093.mat,0
3_1094.mat,0
3_1095.mat,0
3_1096.mat,0
3_1097.mat,0
3_1098.mat,0
3_1099.mat,0
3_1100.mat,0
3_1101.mat,0
3_1102.mat,0
3_1103.mat,0
3_1104.mat,0
3_1105.mat,0
3_1106.mat,0
3_1107.mat,0
3_1108.mat,0
3_1109.mat,0
3_1110.mat,0
3_1111.mat,0
3_1112.mat,0
3_1113.mat,0
3_1114.mat,0
3_1115.mat,0
3_1116.mat,0
3_1117.mat,0
3_1118.mat,0
3_1119.mat,0
3_1120.mat,0
3_1121.mat,0
3_1122.mat,0
3_1123.mat,0
3_1124.mat,0
3_1125.mat,0
3_1126.mat,0
3_1127.mat,0
3_1128.mat,0
3_1129.mat,0
3_1130.mat,0
3_1131.mat,0
3_1132.mat,0
3_1133.mat,0
3_1134.mat,0
3_1135.mat,0
3_1136.mat,0
3_1137.mat,0
3_1138.mat,0
3_1139.mat,0
3_1140.mat,0
3_1141.mat,0
3_1142.mat,0
3_1143.mat,0
3_1144.mat,0
3_1145.mat,0
3_1146.mat,0
3_1147.mat,0
3_1148.mat,0
3_1149.mat,0
3_1150.mat,0
3_1151.mat,0
3_1152.mat,0
3_1153.mat,0
3_1154.mat,0
3_1155.mat,0
3_1156.mat,0
3_1157.mat,0
3_1158.mat,0
3_1159.mat,0
3_1160.mat,0
3_1161.mat,0
3_1162.mat,0
3_1163.mat,0
3_1164.mat,0
3_1165.mat,0
3_1166.mat,0
3_1167.mat,0
3_1168.mat,0
3_1169.mat,0
3_1170.mat,0
3_1171.mat,0
3_1172.mat,0
3_1173.mat,0
3_1174.mat,0
3_1175.mat,0
3_1176.mat,0
3_1177.mat,0
3_1178.mat,0
3_1179.mat,0
3_1180.mat,0
3_1181.mat,0
3_1182.mat,0
3_1183.mat,0
3_1184.mat,0
3_1185.mat,0
3_1186.mat,0
3_1187.mat,0
3_1188.mat,0
3_1189.mat,0
3_1190.mat,0
3_1191.mat,0
3_1192.mat,0
3_1193.mat,0
3_1194.mat,0
3_1195.mat,0
3_1196.mat,0
3_1197.mat,0
3_1198.mat,0
3_1199.mat,0
3_1200.mat,0
3_1201.mat,0
3_1202.mat,0
3_1203.mat,0
3_1204.mat,0
3_1205.mat,0
3_1206.mat,0
3_1207.mat,0
3_1208.mat,0
3_1209.mat,0
3_1210.mat,0
3_1211.mat,0
3_1212.mat,0
3_1213.mat,0
3_1214.mat,0
3_1215.mat,0
3_1216.mat,0
3_1217.mat,0
3_1218.mat,0
3_1219.mat,0
3_1220.mat,0
3_1221.mat,0
3_1222.mat,0
3_1223.mat,0
3_1224.mat,0
3_1225.mat,0
3_1226.mat,0
3_1227.mat,0
3_1228.mat,0
3_1229.mat,0
3_1230.mat,0
3_1231.mat,0
3_1232.mat,0
3_1233.mat,0
3_1234.mat,0
3_1235.mat,0
3_1236.mat,0
3_1237.mat,0
3_1238.mat,0
3_1239.mat,0
3_1240.mat,0
3_1241.mat,0
3_1242.mat,0
3_1243.mat,0
3_1244.mat,0
3_1245.mat,0
3_1246.mat,0
3_1247.mat,0
3_1248.mat,0
3_1249.mat,0
3_1250.mat,0
3_1251.mat,0
3_1252.mat,0
3_1253.mat,0
3_1254.mat,0
3_1255.mat,0
3_1256.mat,0
3_1257.mat,0
3_1258.mat,0
3_1259.mat,0
3_1260.mat,0
3_1261.mat,0
3_1262.mat,0
3_1263.mat,0
3_1264.mat,0
3_1265.mat,0
3_1266.mat,0
3_1267.mat,0
3_1268.mat,0
3_1269.mat,0
3_1270.mat,0
3_1271.mat,0
3_1272.mat,0
3_1273.mat,0
3_1274.mat,0
3_1275.mat,0
3_1276.mat,0
3_1277.mat,0
3_1278.mat,0
3_1279.mat,0
3_1280.mat,0
3_1281.mat,0
3_1282.mat,0
3_1283.mat,0
3_1284.mat,0
3_1285.mat,0
3_1286.mat,0
3_1287.mat,0
3_1288.mat,0
3_1289.mat,0
3_1290.mat,0
3_1291.mat,0
3_1292.mat,0
3_1293.mat,0
3_1294.mat,0
3_1295.mat,0
3_1296.mat,0
3_1297.mat,0
3_1298.mat,0
3_1299.mat,0
3_1300.mat,0
3_1301.mat,0
3_1302.mat,0
3_1303.mat,0
3_1304.mat,0
3_1305.mat,0
3_1306.mat,0
3_1307.mat,0
3_1308.mat,0
3_1309.mat,0
3_1310.mat,0
3_1311.mat,0
3_1312.mat,0
3_1313.mat,0
3_1314.mat,0
3_1315.mat,0
3_1316.mat,0
3_1317.mat,0
3_1318.mat,0
3_1319.mat,0
3_1320.mat,0
3_1321.mat,0
3_1322.mat,0
3_1323.mat,0
3_1324.mat,0
3_1325.mat,0
3_1326.mat,0
3_1327.mat,0
3_1328.mat,0
3_1329.mat,0
3_1330.mat,0
3_1331.mat,0
3_1332.mat,0
3_1333.mat,0
3_1334.mat,0
3_1335.mat,0
3_1336.mat,0
3_1337.mat,0
3_1338.mat,0
3_1339.mat,0
3_1340.mat,0
3_1341.mat,0
3_1342.mat,0
3_1343.mat,0
3_1344.mat,0
3_1345.mat,0
3_1346.mat,0
3_1347.mat,0
3_1348.mat,0
3_1349.mat,0
3_1350.mat,0
3_1351.mat,0
3_1352.mat,0
3_1353.mat,0
3_1354.mat,0
3_1355.mat,0
3_1356.mat,0
3_1357.mat,0
3_1358.mat,0
3_1359.mat,0
3_1360.mat,0
3_1361.mat,0
3_1362.mat,0
3_1363.mat,0
3_1364.mat,0
3_1365.mat,0
3_1366.mat,0
3_1367.mat,0
3_1368.mat,0
3_1369.mat,0
3_1370.mat,0
3_1371.mat,0
3_1372.mat,0
3_1373.mat,0
3_1374.mat,0
3_1375.mat,0
3_1376.mat,0
3_1377.mat,0
3_1378.mat,0
3_1379.mat,0
3_1380.mat,0
3_1381.mat,0
3_1382.mat,0
3_1383.mat,0
3_1384.mat,0
3_1385.mat,0
3_1386.mat,0
3_1387.mat,0
3_1388.mat,0
3_1389.mat,0
3_1390.mat,0
3_1391.mat,0
3_1392.mat,0
3_1393.mat,0
3_1394.mat,0
3_1395.mat,0
3_1396.mat,0
3_1397.mat,0
3_1398.mat,0
3_1399.mat,0
3_1400.mat,0
3_1401.mat,0
3_1402.mat,0
3_1403.mat,0
3_1404.mat,0
3_1405.mat,0
3_1406.mat,0
3_1407.mat,0
3_1408.mat,0
3_1409.mat,0
3_1410.mat,0
3_1411.mat,0
3_1412.mat,0
3_1413.mat,0
3_1414.mat,0
3_1415.mat,0
3_1416.mat,0
3_1417.mat,0
3_1418.mat,0
3_1419.mat,0
3_1420.mat,0
3_1421.mat,0
3_1422.mat,0
3_1423.mat,0
3_1424.mat,0
3_1425.mat,0
3_1426.mat,0
3_1427.mat,0
3_1428.mat,0
3_1429.mat,0
3_1430.mat,0
3_1431.mat,0
3_1432.mat,0
3_1433.mat,0
3_1434.mat,0
3_1435.mat,0
3_1436.mat,0
3_1437.mat,0
3_1438.mat,0
3_1439.mat,0
3_1440.mat,0
3_1441.mat,0
3_1442.mat,0
3_1443.mat,0
3_1444.mat,0
3_1445.mat,0
3_1446.mat,0
3_1447.mat,0
3_1448.mat,0
3_1449.mat,0
3_1450.mat,0
3_1451.mat,0
3_1452.mat,0
3_1453.mat,0
3_1454.mat,0
3_1455.mat,0
3_1456.mat,0
3_1457.mat,0
3_1458.mat,0
3_1459.mat,0
3_1460.mat,0
3_1461.mat,0
3_1462.mat,0
3_1463.mat,0
3_1464.mat,0
3_1465.mat,0
3_1466.mat,0
3_1467.mat,0
3_1468.mat,0
3_1469.mat,0
3_1470.mat,0
3_1471.mat,0
3_1472.mat,0
3_1473.mat,0
3_1474.mat,0
3_1475.mat,0
3_1476.mat,0
3_1477.mat,0
3_1478.mat,0
3_1479.mat,0
3_1480.mat,0
3_1481.mat,0
3_1482.mat,0
3_1483.mat,0
3_1484.mat,0
3_1485.mat,0
3_1486.mat,0
3_1487.mat,0
3_1488.mat,0
3_1489.mat,0
3_1490.mat,0
3_1491.mat,0
3_1492.mat,0
3_1493.mat,0
3_1494.mat,0
3_1495.mat,0
3_1496.mat,0
3_1497.mat,0
3_1498.mat,0
3_1499.mat,0
3_1500.mat,0
3_1501.mat,0
3_1502.mat,0
3_1503.mat,0
3_1504.mat,0
3_1505.mat,0
3_1506.mat,0
3_1507.mat,0
3_1508.mat,0
3_1509.mat,0
3_1510.mat,0
3_1511.mat,0
3_1512.mat,0
3_1513.mat,0
3_1514.mat,0
3_1515.mat,0
3_1516.mat,0
3_1517.mat,0
3_1518.mat,0
3_1519.mat,0
3_1520.mat,0
3_1521.mat,0
3_1522.mat,0
3_1523.mat,0
3_1524.mat,0
3_1525.mat,0
3_1526.mat,0
3_1527.mat,0
3_1528.mat,0
3_1529.mat,0
3_1530.mat,0
3_1531.mat,0
3_1532.mat,0
3_1533.mat,0
3_1534.mat,0
3_1535.mat,0
3_1536.mat,0
3_1537.mat,0
3_1538.mat,0
3_1539.mat,0
3_1540.mat,0
3_1541.mat,0
3_1542.mat,0
3_1543.mat,0
3_1544.mat,0
3_1545.mat,0
3_1546.mat,0
3_1547.mat,0
3_1548.mat,0
3_1549.mat,0
3_1550.mat,0
3_1551.mat,0
3_1552.mat,0
3_1553.mat,0
3_1554.mat,0
3_1555.mat,0
3_1556.mat,0
3_1557.mat,0
3_1558.mat,0
3_1559.mat,0
3_1560.mat,0
3_1561.mat,0
3_1562.mat,0
3_1563.mat,0
3_1564.mat,0
3_1565.mat,0
3_1566.mat,0
3_1567.mat,0
3_1568.mat,0
3_1569.mat,0
3_1570.mat,0
3_1571.mat,0
3_1572.mat,0
3_1573.mat,0
3_1574.mat,0
3_1575.mat,0
3_1576.mat,0
3_1577.mat,0
3_1578.mat,0
3_1579.mat,0
3_1580.mat,0
3_1581.mat,0
3_1582.mat,0
3_1583.mat,0
3_1584.mat,0
3_1585.mat,0
3_1586.mat,0
3_1587.mat,0
3_1588.mat,0
3_1589.mat,0
3_1590.mat,0
3_1591.mat,0
3_1592.mat,0
3_1593.mat,0
3_1594.mat,0
3_1595.mat,0
3_1596.mat,0
3_1597.mat,0
3_1598.mat,0
3_1599.mat,0
3_1600.mat,0
3_1601.mat,0
3_1602.mat,0
3_1603.mat,0
3_1604.mat,0
3_1605.mat,0
3_1606.mat,0
3_1607.mat,0
3_1608.mat,0
3_1609.mat,0
3_1610.mat,0
3_1611.mat,0
3_1612.mat,0
3_1613.mat,0
3_1614.mat,0
3_1615.mat,0
3_1616.mat,0
3_1617.mat,0
3_1618.mat,0
3_1619.mat,0
3_1620.mat,0
3_1621.mat,0
3_1622.mat,0
3_1623.mat,0
3_1624.mat,0
3_1625.mat,0
3_1626.mat,0
3_1627.mat,0
3_1628.mat,0
3_1629.mat,0
3_1630.mat,0
3_1631.mat,0
3_1632.mat,0
3_1633.mat,0
3_1634.mat,0
3_1635.mat,0
3_1636.mat,0
3_1637.mat,0
3_1638.mat,0
3_1639.mat,0
3_1640.mat,0
3_1641.mat,0
3_1642.mat,0
3_1643.mat,0
3_1644.mat,0
3_1645.mat,0
3_1646.mat,0
3_1647.mat,0
3_1648.mat,0
3_1649.mat,0
3_1650.mat,0
3_1651.mat,0
3_1652.mat,0
3_1653.mat,0
3_1654.mat,0
3_1655.mat,0
3_1656.mat,0
3_1657.mat,0
3_1658.mat,0
3_1659.mat,0
3_1660.mat,0
3_1661.mat,0
3_1662.mat,0
3_1663.mat,0
3_1664.mat,0
3_1665.mat,0
3_1666.mat,0
3_1667.mat,0
3_1668.mat,0
3_1669.mat,0
3_1670.mat,0
3_1671.mat,0
3_1672.mat,0
3_1673.mat,0
3_1674.mat,0
3_1675.mat,0
3_1676.mat,0
3_1677.mat,0
3_1678.mat,0
3_1679.mat,0
3_1680.mat,0
3_1681.mat,0
3_1682.mat,0
3_1683.mat,0
3_1684.mat,0
3_1685.mat,0
3_1686.mat,0
3_1687.mat,0
3_1688.mat,0
3_1689.mat,0
3_1690.mat,0
3_1691.mat,0
3_1692.mat,0
3_1693.mat,0
3_1694.mat,0
3_1695.mat,0
3_1696.mat,0
3_1697.mat,0
3_1698.mat,0
3_1699.mat,0
3_1700.mat,0
3_1701.mat,0
3_1702.mat,0
3_1703.mat,0
3_1704.mat,0
3_1705.mat,0
3_1706.mat,0
3_1707.mat,0
3_1708.mat,0
3_1709.mat,0
3_1710.mat,0
3_1711.mat,0
3_1712.mat,0
3_1713.mat,0
3_1714.mat,0
3_1715.mat,0
3_1716.mat,0
3_1717.mat,0
3_1718.mat,0
3_1719.mat,0
3_1720.mat,0
3_1721.mat,0
3_1722.mat,0
3_1723.mat,0
3_1724.mat,0
3_1725.mat,0
3_1726.mat,0
3_1727.mat,0
3_1728.mat,0
3_1729.mat,0
3_1730.mat,0
3_1731.mat,0
3_1732.mat,0
3_1733.mat,0
3_1734.mat,0
3_1735.mat,0
3_1736.mat,0
3_1737.mat,0
3_1738.mat,0
3_1739.mat,0
3_1740.mat,0
3_1741.mat,0
3_1742.mat,0
3_1743.mat,0
3_1744.mat,0
3_1745.mat,0
3_1746.mat,0
3_1747.mat,0
3_1748.mat,0
3_1749.mat,0
3_1750.mat,0
3_1751.mat,0
3_1752.mat,0
3_1753.mat,0
3_1754.mat,0
3_1755.mat,0
3_1756.mat,0
3_1757.mat,0
3_1758.mat,0
3_1759.mat,0
3_1760.mat,0
3_1761.mat,0
3_1762.mat,0
3_1763.mat,0
3_1764.mat,0
3_1765.mat,0
3_1766.mat,0
3_1767.mat,0
3_1768.mat,0
3_1769.mat,0
3_1770.mat,0
3_1771.mat,0
3_1772.mat,0
3_1773.mat,0
3_1774.mat,0
3_1775.mat,0
3_1776.mat,0
3_1777.mat,0
3_1778.mat,0
3_1779.mat,0
3_1780.mat,0
3_1781.mat,0
3_1782.mat,0
3_1783.mat,0
3_1784.mat,0
3_1785.mat,0
3_1786.mat,0
3_1787.mat,0
3_1788.mat,0
3_1789.mat,0
3_1790.mat,0
3_1791.mat,0
3_1792.mat,0
3_1793.mat,0
3_1794.mat,0
3_1795.mat,0
3_1796.mat,0
3_1797.mat,0
3_1798.mat,0
3_1799.mat,0
3_1800.mat,0
3_1801.mat,0
3_1802.mat,0
3_1803.mat,0
3_1804.mat,0
3_1805.mat,0
3_1806.mat,0
3_1807.mat,0
3_1808.mat,0
3_1809.mat,0
3_1810.mat,0
3_1811.mat,0
3_1812.mat,0
3_1813.mat,0
3_1814.mat,0
3_1815.mat,0
3_1816.mat,0
3_1817.mat,0
3_1818.mat,0
3_1819.mat,0
3_1820.mat,0
3_1821.mat,0
3_1822.mat,0
3_1823.mat,0
3_1824.mat,0
3_1825.mat,0
3_1826.mat,0
3_1827.mat,0
3_1828.mat,0
3_1829.mat,0
3_1830.mat,0
3_1831.mat,0
3_1832.mat,0
3_1833.mat,0
3_1834.mat,0
3_1835.mat,0
3_1836.mat,0
3_1837.mat,0
3_1838.mat,0
3_1839.mat,0
3_1840.mat,0
3_1841.mat,0
3_1842.mat,0
3_1843.mat,0
3_1844.mat,0
3_1845.mat,0
3_1846.mat,0
3_1847.mat,0
3_1848.mat,0
3_1849.mat,0
3_1850.mat,0
3_1851.mat,0
3_1852.mat,0
3_1853.mat,0
3_1854.mat,0
3_1855.mat,0
3_1856.mat,0
3_1857.mat,0
3_1858.mat,0
3_1859.mat,0
3_1860.mat,0
3_1861.mat,0
3_1862.mat,0
3_1863.mat,0
3_1864.mat,0
3_1865.mat,0
3_1866.mat,0
3_1867.mat,0
3_1868.mat,0
3_1869.mat,0
3_1870.mat,0
3_1871.mat,0
3_1872.mat,0
3_1873.mat,0
3_1874.mat,0
3_1875.mat,0
3_1876.mat,0
3_1877.mat,0
3_1878.mat,0
3_1879.mat,0
3_1880.mat,0
3_1881.mat,0
3_1882.mat,0
3_1883.mat,0
3_1884.mat,0
3_1885.mat,0
3_1886.mat,0
3_1887.mat,0
3_1888.mat,0
3_1889.mat,0
3_1890.mat,0
3_1891.mat,0
3_1892.mat,0
3_1893.mat,0
3_1894.mat,0
3_1895.mat,0
3_1896.mat,0
3_1897.mat,0
3_1898.mat,0
3_1899.mat,0
3_1900.mat,0
3_1901.mat,0
3_1902.mat,0
3_1903.mat,0
3_1904.mat,0
3_1905.mat,0
3_1906.mat,0
3_1907.mat,0
3_1908.mat,0
3_1909.mat,0
3_1910.mat,0
3_1911.mat,0
3_1912.mat,0
3_1913.mat,0
3_1914.mat,0
3_1915.mat,0
3_1916.mat,0
3_1917.mat,0
3_1918.mat,0
3_1919.mat,0
3_1920.mat,0
3_1921.mat,0
3_1922.mat,0
3_1923.mat,0
3_1924.mat,0
3_1925.mat,0
3_1926.mat,0
3_1927.mat,0
3_1928.mat,0
3_1929.mat,0
3_1930.mat,0
3_1931.mat,0
3_1932.mat,0
3_1933.mat,0
3_1934.mat,0
3_1935.mat,0
3_1936.mat,0
3_1937.mat,0
3_1938.mat,0
3_1939.mat,0
3_1940.mat,0
3_1941.mat,0
3_1942.mat,0
3_1943.mat,0
3_1944.mat,0
3_1945.mat,0
3_1946.mat,0
3_1947.mat,0
3_1948.mat,0
3_1949.mat,0
3_1950.mat,0
3_1951.mat,0
3_1952.mat,0
3_1953.mat,0
3_1954.mat,0
3_1955.mat,0
3_1956.mat,0
3_1957.mat,0
3_1958.mat,0
3_1959.mat,0
3_1960.mat,0
3_1961.mat,0
3_1962.mat,0
3_1963.mat,0
3_1964.mat,0
3_1965.mat,0
3_1966.mat,0
3_1967.mat,0
3_1968.mat,0
3_1969.mat,0
3_1970.mat,0
3_1971.mat,0
3_1972.mat,0
3_1973.mat,0
3_1974.mat,0
3_1975.mat,0
3_1976.mat,0
3_1977.mat,0
3_1978.mat,0
3_1979.mat,0
3_1980.mat,0
3_1981.mat,0
3_1982.mat,0
3_1983.mat,0
3_1984.mat,0
3_1985.mat,0
3_1986.mat,0
3_1987.mat,0
3_1988.mat,0
3_1989.mat,0
3_1990.mat,0
3_1991.mat,0
3_1992.mat,0
3_1993.mat,0
3_1994.mat,0
3_1995.mat,0
3_1996.mat,0
3_1997.mat,0
3_1998.mat,0
3_1999.mat,0
3_2000.mat,0
3_2001.mat,0
3_2002.mat,0
3_2003.mat,0
3_2004.mat,0
3_2005.mat,0
3_2006.mat,0
3_2007.mat,0
3_2008.mat,0
3_2009.mat,0
3_2010.mat,0
3_2011.mat,0
3_2012.mat,0
3_2013.mat,0
3_2014.mat,0
3_2015.mat,0
3_2016.mat,0
3_2017.mat,0
3_2018.mat,0
3_2019.mat,0
3_2020.mat,0
3_2021.mat,0
3_2022.mat,0
3_2023.mat,0
3_2024.mat,0
3_2025.mat,0
3_2026.mat,0
3_2027.mat,0
3_2028.mat,0
3_2029.mat,0
3_2030.mat,0
3_2031.mat,0
3_2032.mat,0
3_2033.mat,0
3_2034.mat,0
3_2035.mat,0
3_2036.mat,0
3_2037.mat,0
3_2038.mat,0
3_2039.mat,0
3_2040.mat,0
3_2041.mat,0
3_2042.mat,0
3_2043.mat,0
3_2044.mat,0
3_2045.mat,0
3_2046.mat,0
3_2047.mat,0
3_2048.mat,0
3_2049.mat,0
3_2050.mat,0
3_2051.mat,0
3_2052.mat,0
3_2053.mat,0
3_2054.mat,0
3_2055.mat,0
3_2056.mat,0
3_2057.mat,0
3_2058.mat,0
3_2059.mat,0
3_2060.mat,0
3_2061.mat,0
3_2062.mat,0
3_2063.mat,0
3_2064.mat,0
3_2065.mat,0
3_2066.mat,0
3_2067.mat,0
3_2068.mat,0
3_2069.mat,0
3_2070.mat,0
3_2071.mat,0
3_2072.mat,0
3_2073.mat,0
3_2074.mat,0
3_2075.mat,0
3_2076.mat,0
3_2077.mat,0
3_2078.mat,0
3_2079.mat,0
3_2080.mat,0
3_2081.mat,0
3_2082.mat,0
3_2083.mat,0
3_2084.mat,0
3_2085.mat,0
3_2086.mat,0
3_2087.mat,0
3_2088.mat,0
3_2089.mat,0
3_2090.mat,0
3_2091.mat,0
3_2092.mat,0
3_2093.mat,0
3_2094.mat,0
3_2095.mat,0
3_2096.mat,0
3_2097.mat,0
3_2098.mat,0
3_2099.mat,0
3_2100.mat,0
3_2101.mat,0
3_2102.mat,0
3_2103.mat,0
3_2104.mat,0
3_2105.mat,0
3_2106.mat,0
3_2107.mat,0
3_2108.mat,0
3_2109.mat,0
3_2110.mat,0
3_2111.mat,0
3_2112.mat,0
3_2113.mat,0
3_2114.mat,0
3_2115.mat,0
3_2116.mat,0
3_2117.mat,0
3_2118.mat,0
3_2119.mat,0
3_2120.mat,0
3_2121.mat,0
3_2122.mat,0
3_2123.mat,0
3_2124.mat,0
3_2125.mat,0
3_2126.mat,0
3_2127.mat,0
3_2128.mat,0
3_2129.mat,0
3_2130.mat,0
3_2131.mat,0
3_2132.mat,0
3_2133.mat,0
3_2134.mat,0
3_2135.mat,0
3_2136.mat,0
3_2137.mat,0
3_2138.mat,0
3_2139.mat,0
3_2140.mat,0
3_2141.mat,0
3_2142.mat,0
3_2143.mat,0
3_2144.mat,0
3_2145.mat,0
3_2146.mat,0
3_2147.mat,0
3_2148.mat,0
3_2149.mat,0
3_2150.mat,0
3_2151.mat,0
3_2152.mat,0
3_2153.mat,0
3_2154.mat,0
3_2155.mat,0
3_2156.mat,0
3_2157.mat,0
3_2158.mat,0
3_2159.mat,0
3_2160.mat,0
3_2161.mat,0
3_2162.mat,0
3_2163.mat,0
3_2164.mat,0
3_2165.mat,0
3_2166.mat,0
3_2167.mat,0
3_2168.mat,0
3_2169.mat,0
3_2170.mat,0
3_2171.mat,0
3_2172.mat,0
3_2173.mat,0
3_2174.mat,0
3_2175.mat,0
3_2176.mat,0
3_2177.mat,0
3_2178.mat,0
3_2179.mat,0
3_2180.mat,0
3_2181.mat,0
3_2182.mat,0
3_2183.mat,0
3_2184.mat,0
3_2185.mat,0
3_2186.mat,0
3_2187.mat,0
3_2188.mat,0
3_2189.mat,0
3_2190.mat,0
3_2191.mat,0
3_2192.mat,0
3_2193.mat,0
3_2194.mat,0
3_2195.mat,0
3_2196.mat,0
3_2197.mat,0
3_2198.mat,0
3_2199.mat,0
3_2200.mat,0
3_2201.mat,0
3_2202.mat,0
3_2203.mat,0
3_2204.mat,0
3_2205.mat,0
3_2206.mat,0
3_2207.mat,0
3_2208.mat,0
3_2209.mat,0
3_2210.mat,0
3_2211.mat,0
3_2212.mat,0
3_2213.mat,0
3_2214.mat,0
3_2215.mat,0
3_2216.mat,0
3_2217.mat,0
3_2218.mat,0
3_2219.mat,0
3_2220.mat,0
3_2221.mat,0
3_2222.mat,0
3_2223.mat,0
3_2224.mat,0
3_2225.mat,0
3_2226.mat,0
3_2227.mat,0
3_2228.mat,0
3_2229.mat,0
3_2230.mat,0
3_2231.mat,0
3_2232.mat,0
3_2233.mat,0
3_2234.mat,0
3_2235.mat,0
3_2236.mat,0
3_2237.mat,0
3_2238.mat,0
3_2239.mat,0
3_2240.mat,0
3_2241.mat,0
3_2242.mat,0
3_2243.mat,0
3_2244.mat,0
3_2245.mat,0
3_2246.mat,0
3_2247.mat,0
3_2248.mat,0
3_2249.mat,0
3_2250.mat,0
3_2251.mat,0
3_2252.mat,0
3_2253.mat,0
3_2254.mat,0
3_2255.mat,0
3_2256.mat,0
3_2257.mat,0
3_2258.mat,0
3_2259.mat,0
3_2260.mat,0
3_2261.mat,0
3_2262.mat,0
3_2263.mat,0
3_2264.mat,0
3_2265.mat,0
3_2266.mat,0
3_2267.mat,0
3_2268.mat,0
3_2269.mat,0
3_2270.mat,0
3_2271.mat,0
3_2272.mat,0
3_2273.mat,0
3_2274.mat,0
3_2275.mat,0
3_2276.mat,0
3_2277.mat,0
3_2278.mat,0
3_2279.mat,0
3_2280.mat,0
3_2281.mat,0
3_2282.mat,0
3_2283.mat,0
3_2284.mat,0
3_2285.mat,0
3_2286.mat,0
