,path,validdata,label,pass95
0,/home/mike/Downloads/train_1/1_1062_0.mat,0.999870052083,0,True
1,/home/mike/Downloads/train_1/1_396_0.mat,0.999751041667,0,True
2,/home/mike/Downloads/train_1/1_805_0.mat,0.999838020833,0,True
3,/home/mike/Downloads/train_1/1_1066_0.mat,0.984613802083,0,True
4,/home/mike/Downloads/train_1/1_308_0.mat,0.999933854167,0,True
5,/home/mike/Downloads/train_1/1_1024_0.mat,0.531348177083,0,False
6,/home/mike/Downloads/train_1/1_735_0.mat,0.897540364583,0,False
7,/home/mike/Downloads/train_1/1_559_0.mat,0.000416666666667,0,False
8,/home/mike/Downloads/train_1/1_558_0.mat,0.80760859375,0,False
9,/home/mike/Downloads/train_1/1_404_0.mat,0.91296484375,0,False
10,/home/mike/Downloads/train_1/1_26_0.mat,0.908925,0,False
11,/home/mike/Downloads/train_1/1_238_0.mat,0.9997640625,0,True
12,/home/mike/Downloads/train_1/1_1077_0.mat,0.99771953125,0,True
13,/home/mike/Downloads/train_1/1_224_0.mat,0.999726302083,0,True
14,/home/mike/Downloads/train_1/1_283_0.mat,0.999718489583,0,True
15,/home/mike/Downloads/train_1/1_456_0.mat,0.99973984375,0,True
16,/home/mike/Downloads/train_1/1_632_0.mat,0.965286458333,0,True
17,/home/mike/Downloads/train_1/1_554_0.mat,0.999755208333,0,True
18,/home/mike/Downloads/train_1/1_113_0.mat,0.999781510417,0,True
19,/home/mike/Downloads/train_1/1_852_0.mat,0.999739322917,0,True
20,/home/mike/Downloads/train_1/1_1141_0.mat,0.810790364583,0,False
21,/home/mike/Downloads/train_1/1_388_0.mat,0.999747395833,0,True
22,/home/mike/Downloads/train_1/1_679_0.mat,0.999919010417,0,True
23,/home/mike/Downloads/train_1/1_163_0.mat,0.999914322917,0,True
24,/home/mike/Downloads/train_1/1_192_0.mat,0.991055729167,0,True
25,/home/mike/Downloads/train_1/1_1008_0.mat,0.541779166667,0,False
26,/home/mike/Downloads/train_1/1_144_0.mat,0.589337760417,0,False
27,/home/mike/Downloads/train_1/1_331_0.mat,0.331437239583,0,False
28,/home/mike/Downloads/train_1/1_180_0.mat,0.999869791667,0,True
29,/home/mike/Downloads/train_1/1_712_0.mat,0.9998859375,0,True
30,/home/mike/Downloads/train_1/1_960_0.mat,0.950401822917,0,True
31,/home/mike/Downloads/train_1/1_1007_0.mat,0.915009635417,0,False
32,/home/mike/Downloads/train_1/1_95_0.mat,0.0,0,False
33,/home/mike/Downloads/train_1/1_71_0.mat,0.999740104167,0,True
34,/home/mike/Downloads/train_1/1_976_0.mat,0.76336015625,0,False
35,/home/mike/Downloads/train_1/1_431_0.mat,0.998209895833,0,True
36,/home/mike/Downloads/train_1/1_104_0.mat,0.999699739583,0,True
37,/home/mike/Downloads/train_1/1_1048_0.mat,0.999909895833,0,True
38,/home/mike/Downloads/train_1/1_1005_0.mat,0.999780208333,0,True
39,/home/mike/Downloads/train_1/1_891_0.mat,0.999759375,0,True
40,/home/mike/Downloads/train_1/1_377_0.mat,0.99989140625,0,True
41,/home/mike/Downloads/train_1/1_670_0.mat,0.990119270833,0,True
42,/home/mike/Downloads/train_1/1_843_0.mat,0.8862953125,0,False
43,/home/mike/Downloads/train_1/1_1089_0.mat,0.43922109375,0,False
44,/home/mike/Downloads/train_1/1_510_0.mat,0.99381015625,0,True
45,/home/mike/Downloads/train_1/1_64_0.mat,0.999802604167,0,True
46,/home/mike/Downloads/train_1/1_619_0.mat,0.886966666667,0,False
47,/home/mike/Downloads/train_1/1_54_0.mat,0.999765885417,0,True
48,/home/mike/Downloads/train_1/1_894_0.mat,0.999736979167,0,True
49,/home/mike/Downloads/train_1/1_278_0.mat,0.999782291667,0,True
50,/home/mike/Downloads/train_1/1_593_0.mat,0.9997953125,0,True
51,/home/mike/Downloads/train_1/1_17_0.mat,0.886331770833,0,False
52,/home/mike/Downloads/train_1/1_282_0.mat,0.99976171875,0,True
53,/home/mike/Downloads/train_1/1_1094_0.mat,0.331834635417,0,False
54,/home/mike/Downloads/train_1/1_900_0.mat,0.999770833333,0,True
55,/home/mike/Downloads/train_1/1_112_0.mat,0.951637239583,0,True
56,/home/mike/Downloads/train_1/1_526_0.mat,0.999801822917,0,True
57,/home/mike/Downloads/train_1/1_729_0.mat,0.972817708333,0,True
58,/home/mike/Downloads/train_1/1_162_0.mat,0.999900520833,0,True
59,/home/mike/Downloads/train_1/1_482_0.mat,0.999923958333,0,True
60,/home/mike/Downloads/train_1/1_1038_0.mat,0.999884114583,0,True
61,/home/mike/Downloads/train_1/1_661_0.mat,0.999914322917,0,True
62,/home/mike/Downloads/train_1/1_306_0.mat,0.99993203125,0,True
63,/home/mike/Downloads/train_1/1_1014_0.mat,0.347972916667,0,False
64,/home/mike/Downloads/train_1/1_746_0.mat,0.866071875,0,False
65,/home/mike/Downloads/train_1/1_1136_0.mat,0.559044791667,0,False
66,/home/mike/Downloads/train_1/1_622_0.mat,0.992150260417,0,True
67,/home/mike/Downloads/train_1/1_315_0.mat,0.999883854167,0,True
68,/home/mike/Downloads/train_1/1_836_0.mat,0.2114265625,0,False
69,/home/mike/Downloads/train_1/1_968_0.mat,0.999779947917,0,True
70,/home/mike/Downloads/train_1/1_454_0.mat,0.999761458333,0,True
71,/home/mike/Downloads/train_1/1_50_0.mat,0.999719270833,0,True
72,/home/mike/Downloads/train_1/1_235_0.mat,0.999748958333,0,True
73,/home/mike/Downloads/train_1/1_583_0.mat,0.999887239583,0,True
74,/home/mike/Downloads/train_1/1_67_0.mat,0.894773697917,0,False
75,/home/mike/Downloads/train_1/1_893_0.mat,0.999703385417,0,True
76,/home/mike/Downloads/train_1/1_950_0.mat,0.818532552083,0,False
77,/home/mike/Downloads/train_1/1_68_0.mat,0.576980208333,0,False
78,/home/mike/Downloads/train_1/1_544_0.mat,0.595341927083,0,False
79,/home/mike/Downloads/train_1/1_310_0.mat,0.999827083333,0,True
80,/home/mike/Downloads/train_1/1_379_0.mat,0.999723177083,0,True
81,/home/mike/Downloads/train_1/1_1106_0.mat,0.99991875,0,True
82,/home/mike/Downloads/train_1/1_509_0.mat,0.99467734375,0,True
83,/home/mike/Downloads/train_1/1_197_0.mat,0.889585416667,0,False
84,/home/mike/Downloads/train_1/1_1080_0.mat,0.6771359375,0,False
85,/home/mike/Downloads/train_1/1_993_0.mat,0.9998,0,True
86,/home/mike/Downloads/train_1/1_248_0.mat,0.999715364583,0,True
87,/home/mike/Downloads/train_1/1_758_0.mat,0.0189575520833,0,False
88,/home/mike/Downloads/train_1/1_616_0.mat,0.994027864583,0,True
89,/home/mike/Downloads/train_1/1_878_0.mat,0.999939583333,0,True
90,/home/mike/Downloads/train_1/1_129_0.mat,0.99992109375,0,True
91,/home/mike/Downloads/train_1/1_759_0.mat,0.546918229167,0,False
92,/home/mike/Downloads/train_1/1_1046_0.mat,0.999927864583,0,True
93,/home/mike/Downloads/train_1/1_972_0.mat,0.9997796875,0,True
94,/home/mike/Downloads/train_1/1_731_0.mat,0.997949479167,0,True
95,/home/mike/Downloads/train_1/1_770_0.mat,0.996134895833,0,True
96,/home/mike/Downloads/train_1/1_633_0.mat,0.99778203125,0,True
97,/home/mike/Downloads/train_1/1_957_0.mat,0.99973671875,0,True
98,/home/mike/Downloads/train_1/1_691_0.mat,0.991990364583,0,True
99,/home/mike/Downloads/train_1/1_1122_0.mat,0.999946875,0,True
100,/home/mike/Downloads/train_1/1_517_0.mat,0.937391145833,0,False
101,/home/mike/Downloads/train_1/1_829_0.mat,0.999876302083,0,True
102,/home/mike/Downloads/train_1/1_204_0.mat,0.999929947917,0,True
103,/home/mike/Downloads/train_1/1_813_0.mat,0.988447916667,0,True
104,/home/mike/Downloads/train_1/1_85_0.mat,0.99976171875,0,True
105,/home/mike/Downloads/train_1/1_536_0.mat,0.999824739583,0,True
106,/home/mike/Downloads/train_1/1_937_0.mat,0.0,0,False
107,/home/mike/Downloads/train_1/1_165_0.mat,0.999869791667,0,True
108,/home/mike/Downloads/train_1/1_1067_0.mat,0.999832552083,0,True
109,/home/mike/Downloads/train_1/1_1016_0.mat,0.81058828125,0,False
110,/home/mike/Downloads/train_1/1_663_0.mat,0.9999328125,0,True
111,/home/mike/Downloads/train_1/1_696_0.mat,0.9998875,0,True
112,/home/mike/Downloads/train_1/1_673_0.mat,0.999884635417,0,True
113,/home/mike/Downloads/train_1/1_439_0.mat,0.689716145833,0,False
114,/home/mike/Downloads/train_1/1_82_0.mat,0.9997828125,0,True
115,/home/mike/Downloads/train_1/1_100_0.mat,0.999773958333,0,True
116,/home/mike/Downloads/train_1/1_86_0.mat,0.999781510417,0,True
117,/home/mike/Downloads/train_1/1_767_0.mat,0.902869010417,0,False
118,/home/mike/Downloads/train_1/1_581_0.mat,0.99987109375,0,True
119,/home/mike/Downloads/train_1/1_912_0.mat,0.997941145833,0,True
120,/home/mike/Downloads/train_1/1_778_0.mat,0.999878125,0,True
121,/home/mike/Downloads/train_1/1_136_0.mat,0.99993828125,0,True
122,/home/mike/Downloads/train_1/1_1098_0.mat,0.999744791667,0,True
123,/home/mike/Downloads/train_1/1_417_0.mat,0.972794791667,0,True
124,/home/mike/Downloads/train_1/1_860_0.mat,0.999941666667,0,True
125,/home/mike/Downloads/train_1/1_654_0.mat,0.988438541667,0,True
126,/home/mike/Downloads/train_1/1_736_0.mat,0.990187239583,0,True
127,/home/mike/Downloads/train_1/1_671_0.mat,0.960326041667,0,True
128,/home/mike/Downloads/train_1/1_772_0.mat,0.999934895833,0,True
129,/home/mike/Downloads/train_1/1_925_0.mat,0.9208265625,0,False
130,/home/mike/Downloads/train_1/1_425_0.mat,0.997812239583,0,True
131,/home/mike/Downloads/train_1/1_1035_0.mat,0.999801822917,0,True
132,/home/mike/Downloads/train_1/1_1115_0.mat,0.881838541667,0,False
133,/home/mike/Downloads/train_1/1_660_0.mat,0.99990078125,0,True
134,/home/mike/Downloads/train_1/1_942_0.mat,0.96722109375,0,True
135,/home/mike/Downloads/train_1/1_276_0.mat,0.999751302083,0,True
136,/home/mike/Downloads/train_1/1_463_0.mat,0.99206328125,0,True
137,/home/mike/Downloads/train_1/1_232_0.mat,0.999791145833,0,True
138,/home/mike/Downloads/train_1/1_4_0.mat,0.999779427083,0,True
139,/home/mike/Downloads/train_1/1_845_0.mat,0.907331510417,0,False
140,/home/mike/Downloads/train_1/1_634_0.mat,0.9857953125,0,True
141,/home/mike/Downloads/train_1/1_1102_0.mat,0.999927604167,0,True
142,/home/mike/Downloads/train_1/1_1129_0.mat,0.4654765625,0,False
143,/home/mike/Downloads/train_1/1_203_0.mat,0.999919791667,0,True
144,/home/mike/Downloads/train_1/1_1120_0.mat,0.9999484375,0,True
145,/home/mike/Downloads/train_1/1_489_0.mat,0.955207552083,0,True
146,/home/mike/Downloads/train_1/1_977_0.mat,0.982693489583,0,True
147,/home/mike/Downloads/train_1/1_52_0.mat,0.999766927083,0,True
148,/home/mike/Downloads/train_1/1_268_0.mat,0.999833854167,0,True
149,/home/mike/Downloads/train_1/1_323_0.mat,0.999893489583,0,True
150,/home/mike/Downloads/train_1/1_580_0.mat,0.76605,0,False
151,/home/mike/Downloads/train_1/1_124_0.mat,0.9999078125,0,True
152,/home/mike/Downloads/train_1/1_915_0.mat,0.721215364583,0,False
153,/home/mike/Downloads/train_1/1_620_0.mat,0.961752604167,0,True
154,/home/mike/Downloads/train_1/1_429_0.mat,0.973046875,0,True
155,/home/mike/Downloads/train_1/1_738_0.mat,0.980827864583,0,True
156,/home/mike/Downloads/train_1/1_273_0.mat,0.999786197917,0,True
157,/home/mike/Downloads/train_1/1_322_0.mat,0.999887760417,0,True
158,/home/mike/Downloads/train_1/1_979_0.mat,0.878374479167,0,False
159,/home/mike/Downloads/train_1/1_392_0.mat,0.999818489583,0,True
160,/home/mike/Downloads/train_1/1_167_0.mat,0.9999015625,0,True
161,/home/mike/Downloads/train_1/1_745_0.mat,0.94608046875,0,False
162,/home/mike/Downloads/train_1/1_837_0.mat,0.467415104167,0,False
163,/home/mike/Downloads/train_1/1_612_0.mat,0.999802604167,0,True
164,/home/mike/Downloads/train_1/1_916_0.mat,0.338865104167,0,False
165,/home/mike/Downloads/train_1/1_369_0.mat,0.999929947917,0,True
166,/home/mike/Downloads/train_1/1_35_0.mat,0.999784635417,0,True
167,/home/mike/Downloads/train_1/1_1138_0.mat,0.99978203125,0,True
168,/home/mike/Downloads/train_1/1_1118_0.mat,0.331677604167,0,False
169,/home/mike/Downloads/train_1/1_530_0.mat,0.999798697917,0,True
170,/home/mike/Downloads/train_1/1_635_0.mat,0.999878645833,0,True
171,/home/mike/Downloads/train_1/1_462_0.mat,0.999745572917,0,True
172,/home/mike/Downloads/train_1/1_644_0.mat,0.999746354167,0,True
173,/home/mike/Downloads/train_1/1_332_0.mat,0.327259635417,0,False
174,/home/mike/Downloads/train_1/1_145_0.mat,0.999821875,0,True
175,/home/mike/Downloads/train_1/1_350_0.mat,0.262749479167,0,False
176,/home/mike/Downloads/train_1/1_693_0.mat,0.999897395833,0,True
177,/home/mike/Downloads/train_1/1_1095_0.mat,0.999850260417,0,True
178,/home/mike/Downloads/train_1/1_827_0.mat,0.999768229167,0,True
179,/home/mike/Downloads/train_1/1_495_0.mat,0.999873697917,0,True
180,/home/mike/Downloads/train_1/1_582_0.mat,0.999827083333,0,True
181,/home/mike/Downloads/train_1/1_380_0.mat,0.999731510417,0,True
182,/home/mike/Downloads/train_1/1_393_0.mat,0.999805729167,0,True
183,/home/mike/Downloads/train_1/1_987_0.mat,0.999752083333,0,True
184,/home/mike/Downloads/train_1/1_437_0.mat,0.632720833333,0,False
185,/home/mike/Downloads/train_1/1_648_0.mat,0.999731770833,0,True
186,/home/mike/Downloads/train_1/1_794_0.mat,0.983470833333,0,True
187,/home/mike/Downloads/train_1/1_373_0.mat,0.99987109375,0,True
188,/home/mike/Downloads/train_1/1_187_0.mat,0.0,0,False
189,/home/mike/Downloads/train_1/1_426_0.mat,0.999623697917,0,True
190,/home/mike/Downloads/train_1/1_209_0.mat,0.999920052083,0,True
191,/home/mike/Downloads/train_1/1_291_0.mat,0.999859114583,0,True
192,/home/mike/Downloads/train_1/1_140_0.mat,0.999907552083,0,True
193,/home/mike/Downloads/train_1/1_346_0.mat,0.989750520833,0,True
194,/home/mike/Downloads/train_1/1_103_0.mat,0.999727083333,0,True
195,/home/mike/Downloads/train_1/1_1043_0.mat,0.999835416667,0,True
196,/home/mike/Downloads/train_1/1_241_0.mat,0.999737239583,0,True
197,/home/mike/Downloads/train_1/1_662_0.mat,0.999924739583,0,True
198,/home/mike/Downloads/train_1/1_438_0.mat,0.791495833333,0,False
199,/home/mike/Downloads/train_1/1_681_0.mat,0.991983333333,0,True
200,/home/mike/Downloads/train_1/1_46_0.mat,0.999765364583,0,True
201,/home/mike/Downloads/train_1/1_910_0.mat,0.997890364583,0,True
202,/home/mike/Downloads/train_1/1_940_0.mat,0.976390364583,0,True
203,/home/mike/Downloads/train_1/1_774_0.mat,0.999851041667,0,True
204,/home/mike/Downloads/train_1/1_199_0.mat,0.999897916667,0,True
205,/home/mike/Downloads/train_1/1_575_0.mat,0.9979140625,0,True
206,/home/mike/Downloads/train_1/1_655_0.mat,0.999897395833,0,True
207,/home/mike/Downloads/train_1/1_571_0.mat,0.999804427083,0,True
208,/home/mike/Downloads/train_1/1_955_0.mat,0.999808333333,0,True
209,/home/mike/Downloads/train_1/1_357_0.mat,0.999938020833,0,True
210,/home/mike/Downloads/train_1/1_476_0.mat,0.997931770833,0,True
211,/home/mike/Downloads/train_1/1_523_0.mat,0.955611979167,0,True
212,/home/mike/Downloads/train_1/1_793_0.mat,0.99984609375,0,True
213,/home/mike/Downloads/train_1/1_877_0.mat,0.99990859375,0,True
214,/home/mike/Downloads/train_1/1_309_0.mat,0.999816927083,0,True
215,/home/mike/Downloads/train_1/1_84_0.mat,0.9997890625,0,True
216,/home/mike/Downloads/train_1/1_1072_0.mat,0.939864583333,0,False
217,/home/mike/Downloads/train_1/1_1085_0.mat,0.994040104167,0,True
218,/home/mike/Downloads/train_1/1_389_0.mat,0.999746614583,0,True
219,/home/mike/Downloads/train_1/1_1009_0.mat,0.999732291667,0,True
220,/home/mike/Downloads/train_1/1_1028_0.mat,0.991209114583,0,True
221,/home/mike/Downloads/train_1/1_840_0.mat,0.999754947917,0,True
222,/home/mike/Downloads/train_1/1_53_0.mat,0.999815104167,0,True
223,/home/mike/Downloads/train_1/1_1093_0.mat,0.0,0,False
224,/home/mike/Downloads/train_1/1_1_0.mat,0.999820572917,0,True
225,/home/mike/Downloads/train_1/1_546_0.mat,0.999745052083,0,True
226,/home/mike/Downloads/train_1/1_1134_0.mat,0.999543229167,0,True
227,/home/mike/Downloads/train_1/1_349_0.mat,0.0,0,False
228,/home/mike/Downloads/train_1/1_41_0.mat,0.999723958333,0,True
229,/home/mike/Downloads/train_1/1_652_0.mat,0.754167447917,0,False
230,/home/mike/Downloads/train_1/1_269_0.mat,0.999855989583,0,True
231,/home/mike/Downloads/train_1/1_815_0.mat,0.997677864583,0,True
232,/home/mike/Downloads/train_1/1_92_0.mat,0.999767708333,0,True
233,/home/mike/Downloads/train_1/1_480_0.mat,0.999866666667,0,True
234,/home/mike/Downloads/train_1/1_422_0.mat,0.999870572917,0,True
235,/home/mike/Downloads/train_1/1_1104_0.mat,0.988267447917,0,True
236,/home/mike/Downloads/train_1/1_1112_0.mat,0.920040104167,0,False
237,/home/mike/Downloads/train_1/1_1105_0.mat,0.894067708333,0,False
238,/home/mike/Downloads/train_1/1_130_0.mat,0.999931510417,0,True
239,/home/mike/Downloads/train_1/1_724_0.mat,0.255633072917,0,False
240,/home/mike/Downloads/train_1/1_333_0.mat,0.35206171875,0,False
241,/home/mike/Downloads/train_1/1_338_0.mat,0.506962760417,0,False
242,/home/mike/Downloads/train_1/1_402_0.mat,0.922648177083,0,False
243,/home/mike/Downloads/train_1/1_217_0.mat,0.999915885417,0,True
244,/home/mike/Downloads/train_1/1_1040_0.mat,0.999873958333,0,True
245,/home/mike/Downloads/train_1/1_313_0.mat,0.999859895833,0,True
246,/home/mike/Downloads/train_1/1_1042_0.mat,0.999829427083,0,True
247,/home/mike/Downloads/train_1/1_1025_0.mat,0.84211640625,0,False
248,/home/mike/Downloads/train_1/1_851_0.mat,0.999766927083,0,True
249,/home/mike/Downloads/train_1/1_873_0.mat,0.999956510417,0,True
250,/home/mike/Downloads/train_1/1_1020_0.mat,0.477531510417,0,False
251,/home/mike/Downloads/train_1/1_885_0.mat,0.7725453125,0,False
252,/home/mike/Downloads/train_1/1_1003_0.mat,0.58163828125,0,False
253,/home/mike/Downloads/train_1/1_818_0.mat,0.0428919270833,0,False
254,/home/mike/Downloads/train_1/1_401_0.mat,0.949657552083,0,False
255,/home/mike/Downloads/train_1/1_201_0.mat,0.999926822917,0,True
256,/home/mike/Downloads/train_1/1_680_0.mat,0.999921614583,0,True
257,/home/mike/Downloads/train_1/1_110_0.mat,0.961065625,0,True
258,/home/mike/Downloads/train_1/1_790_0.mat,0.999779947917,0,True
259,/home/mike/Downloads/train_1/1_643_0.mat,0.999778125,0,True
260,/home/mike/Downloads/train_1/1_1033_0.mat,0.999784114583,0,True
261,/home/mike/Downloads/train_1/1_913_0.mat,0.63788671875,0,False
262,/home/mike/Downloads/train_1/1_882_0.mat,0.999884635417,0,True
263,/home/mike/Downloads/train_1/1_443_0.mat,0.553813541667,0,False
264,/home/mike/Downloads/train_1/1_791_0.mat,0.9998390625,0,True
265,/home/mike/Downloads/train_1/1_93_0.mat,0.999766927083,0,True
266,/home/mike/Downloads/train_1/1_947_0.mat,0.9997453125,0,True
267,/home/mike/Downloads/train_1/1_441_0.mat,0.288785677083,0,False
268,/home/mike/Downloads/train_1/1_711_0.mat,0.997705989583,0,True
269,/home/mike/Downloads/train_1/1_372_0.mat,0.99991875,0,True
270,/home/mike/Downloads/train_1/1_572_0.mat,0.999834635417,0,True
271,/home/mike/Downloads/train_1/1_450_0.mat,0.999748177083,0,True
272,/home/mike/Downloads/train_1/1_607_0.mat,0.999836979167,0,True
273,/home/mike/Downloads/train_1/1_500_0.mat,0.7831484375,0,False
274,/home/mike/Downloads/train_1/1_468_0.mat,0.999821875,0,True
275,/home/mike/Downloads/train_1/1_867_0.mat,0.4701609375,0,False
276,/home/mike/Downloads/train_1/1_566_0.mat,0.0182458333333,0,False
277,/home/mike/Downloads/train_1/1_889_0.mat,0.982480208333,0,True
278,/home/mike/Downloads/train_1/1_11_0.mat,0.939979947917,0,False
279,/home/mike/Downloads/train_1/1_339_0.mat,0.90457890625,0,False
280,/home/mike/Downloads/train_1/1_741_0.mat,0.982960677083,0,True
281,/home/mike/Downloads/train_1/1_914_0.mat,0.760170572917,0,False
282,/home/mike/Downloads/train_1/1_157_0.mat,0.999826302083,0,True
283,/home/mike/Downloads/train_1/1_626_0.mat,0.999871614583,0,True
284,/home/mike/Downloads/train_1/1_261_0.mat,0.999742708333,0,True
285,/home/mike/Downloads/train_1/1_1070_0.mat,0.9856828125,0,True
286,/home/mike/Downloads/train_1/1_370_0.mat,0.999893489583,0,True
287,/home/mike/Downloads/train_1/1_708_0.mat,0.999916145833,0,True
288,/home/mike/Downloads/train_1/1_116_0.mat,0.913007552083,0,False
289,/home/mike/Downloads/train_1/1_353_0.mat,0.999961197917,0,True
290,/home/mike/Downloads/train_1/1_1047_0.mat,0.999903385417,0,True
291,/home/mike/Downloads/train_1/1_579_0.mat,0.0008328125,0,False
292,/home/mike/Downloads/train_1/1_646_0.mat,0.99973515625,0,True
293,/home/mike/Downloads/train_1/1_1101_0.mat,0.999920052083,0,True
294,/home/mike/Downloads/train_1/1_714_0.mat,0.999879427083,0,True
295,/home/mike/Downloads/train_1/1_775_0.mat,0.999893489583,0,True
296,/home/mike/Downloads/train_1/1_995_0.mat,0.999790625,0,True
297,/home/mike/Downloads/train_1/1_798_0.mat,0.999880208333,0,True
298,/home/mike/Downloads/train_1/1_783_0.mat,0.999899739583,0,True
299,/home/mike/Downloads/train_1/1_446_0.mat,0.0,0,False
300,/home/mike/Downloads/train_1/1_1029_0.mat,0.993941666667,0,True
301,/home/mike/Downloads/train_1/1_76_0.mat,0.99976484375,0,True
302,/home/mike/Downloads/train_1/1_1152_0.mat,0.84230546875,0,False
303,/home/mike/Downloads/train_1/1_948_0.mat,0.984518489583,0,True
304,/home/mike/Downloads/train_1/1_807_0.mat,0.998168489583,0,True
305,/home/mike/Downloads/train_1/1_275_0.mat,0.999738541667,0,True
306,/home/mike/Downloads/train_1/1_534_0.mat,0.999828125,0,True
307,/home/mike/Downloads/train_1/1_96_0.mat,0.0,0,False
308,/home/mike/Downloads/train_1/1_570_0.mat,0.999826302083,0,True
309,/home/mike/Downloads/train_1/1_504_0.mat,0.86158828125,0,False
310,/home/mike/Downloads/train_1/1_302_0.mat,0.999930989583,0,True
311,/home/mike/Downloads/train_1/1_1045_0.mat,0.999909114583,0,True
312,/home/mike/Downloads/train_1/1_710_0.mat,0.992086458333,0,True
313,/home/mike/Downloads/train_1/1_623_0.mat,0.999862239583,0,True
314,/home/mike/Downloads/train_1/1_445_0.mat,0.0,0,False
315,/home/mike/Downloads/train_1/1_32_0.mat,0.810433072917,0,False
316,/home/mike/Downloads/train_1/1_667_0.mat,0.996183072917,0,True
317,/home/mike/Downloads/train_1/1_243_0.mat,0.999776302083,0,True
318,/home/mike/Downloads/train_1/1_835_0.mat,0.0227049479167,0,False
319,/home/mike/Downloads/train_1/1_543_0.mat,0.837882552083,0,False
320,/home/mike/Downloads/train_1/1_978_0.mat,0.7658859375,0,False
321,/home/mike/Downloads/train_1/1_178_0.mat,0.999898177083,0,True
322,/home/mike/Downloads/train_1/1_809_0.mat,0.77005078125,0,False
323,/home/mike/Downloads/train_1/1_568_0.mat,0.99981796875,0,True
324,/home/mike/Downloads/train_1/1_1091_0.mat,0.997674479167,0,True
325,/home/mike/Downloads/train_1/1_992_0.mat,0.999798958333,0,True
326,/home/mike/Downloads/train_1/1_207_0.mat,0.999915364583,0,True
327,/home/mike/Downloads/train_1/1_94_0.mat,0.716339322917,0,False
328,/home/mike/Downloads/train_1/1_964_0.mat,0.9959703125,0,True
329,/home/mike/Downloads/train_1/1_812_0.mat,0.9779125,0,True
330,/home/mike/Downloads/train_1/1_638_0.mat,0.999884635417,0,True
331,/home/mike/Downloads/train_1/1_627_0.mat,0.997965104167,0,True
332,/home/mike/Downloads/train_1/1_244_0.mat,0.99975078125,0,True
333,/home/mike/Downloads/train_1/1_9_0.mat,0.88935859375,0,False
334,/home/mike/Downloads/train_1/1_675_0.mat,0.999901822917,0,True
335,/home/mike/Downloads/train_1/1_1032_0.mat,0.997744010417,0,True
336,/home/mike/Downloads/train_1/1_516_0.mat,0.916750260417,0,False
337,/home/mike/Downloads/train_1/1_220_0.mat,0.999855989583,0,True
338,/home/mike/Downloads/train_1/1_280_0.mat,0.99975625,0,True
339,/home/mike/Downloads/train_1/1_115_0.mat,0.8002640625,0,False
340,/home/mike/Downloads/train_1/1_57_0.mat,0.9997125,0,True
341,/home/mike/Downloads/train_1/1_474_0.mat,0.982746354167,0,True
342,/home/mike/Downloads/train_1/1_1037_0.mat,0.999803385417,0,True
343,/home/mike/Downloads/train_1/1_869_0.mat,0.6082828125,0,False
344,/home/mike/Downloads/train_1/1_415_0.mat,0.990546614583,0,True
345,/home/mike/Downloads/train_1/1_1114_0.mat,0.44136953125,0,False
346,/home/mike/Downloads/train_1/1_971_0.mat,0.396175,0,False
347,/home/mike/Downloads/train_1/1_236_0.mat,0.99975859375,0,True
348,/home/mike/Downloads/train_1/1_185_0.mat,0.999766927083,0,True
349,/home/mike/Downloads/train_1/1_768_0.mat,0.602263020833,0,False
350,/home/mike/Downloads/train_1/1_272_0.mat,0.999759114583,0,True
351,/home/mike/Downloads/train_1/1_748_0.mat,0.848801041667,0,False
352,/home/mike/Downloads/train_1/1_27_0.mat,0.789577864583,0,False
353,/home/mike/Downloads/train_1/1_548_0.mat,0.999751302083,0,True
354,/home/mike/Downloads/train_1/1_780_0.mat,0.99987734375,0,True
355,/home/mike/Downloads/train_1/1_742_0.mat,0.961698958333,0,True
356,/home/mike/Downloads/train_1/1_918_0.mat,0.951650260417,0,True
357,/home/mike/Downloads/train_1/1_1139_0.mat,0.479659635417,0,False
358,/home/mike/Downloads/train_1/1_1107_0.mat,0.963714583333,0,True
359,/home/mike/Downloads/train_1/1_1103_0.mat,0.99566328125,0,True
360,/home/mike/Downloads/train_1/1_354_0.mat,0.999924479167,0,True
361,/home/mike/Downloads/train_1/1_170_0.mat,0.999915625,0,True
362,/home/mike/Downloads/train_1/1_424_0.mat,0.999769791667,0,True
363,/home/mike/Downloads/train_1/1_1001_0.mat,0.999810416667,0,True
364,/home/mike/Downloads/train_1/1_413_0.mat,0.970755208333,0,True
365,/home/mike/Downloads/train_1/1_936_0.mat,0.689206770833,0,False
366,/home/mike/Downloads/train_1/1_1096_0.mat,0.999839322917,0,True
367,/home/mike/Downloads/train_1/1_1119_0.mat,0.274567447917,0,False
368,/home/mike/Downloads/train_1/1_796_0.mat,0.999900260417,0,True
369,/home/mike/Downloads/train_1/1_240_0.mat,0.999749479167,0,True
370,/home/mike/Downloads/train_1/1_980_0.mat,0.979221875,0,True
371,/home/mike/Downloads/train_1/1_125_0.mat,0.999924739583,0,True
372,/home/mike/Downloads/train_1/1_20_0.mat,0.9979546875,0,True
373,/home/mike/Downloads/train_1/1_549_0.mat,0.9997546875,0,True
374,/home/mike/Downloads/train_1/1_613_0.mat,0.999819791667,0,True
375,/home/mike/Downloads/train_1/1_433_0.mat,0.999830208333,0,True
376,/home/mike/Downloads/train_1/1_1017_0.mat,0.438794270833,0,False
377,/home/mike/Downloads/train_1/1_406_0.mat,0.999926822917,0,True
378,/home/mike/Downloads/train_1/1_562_0.mat,0.999708333333,0,True
379,/home/mike/Downloads/train_1/1_624_0.mat,0.999876041667,0,True
380,/home/mike/Downloads/train_1/1_686_0.mat,0.96949765625,0,True
381,/home/mike/Downloads/train_1/1_905_0.mat,0.631349479167,0,False
382,/home/mike/Downloads/train_1/1_591_0.mat,0.9998125,0,True
383,/home/mike/Downloads/train_1/1_233_0.mat,0.999790625,0,True
384,/home/mike/Downloads/train_1/1_148_0.mat,0.999872916667,0,True
385,/home/mike/Downloads/train_1/1_15_0.mat,0.856498177083,0,False
386,/home/mike/Downloads/train_1/1_58_0.mat,0.999693229167,0,True
387,/home/mike/Downloads/train_1/1_817_0.mat,0.0,0,False
388,/home/mike/Downloads/train_1/1_563_0.mat,0.999732552083,0,True
389,/home/mike/Downloads/train_1/1_247_0.mat,0.999742708333,0,True
390,/home/mike/Downloads/train_1/1_752_0.mat,0.928007552083,0,False
391,/home/mike/Downloads/train_1/1_267_0.mat,0.999795572917,0,True
392,/home/mike/Downloads/train_1/1_182_0.mat,0.999784635417,0,True
393,/home/mike/Downloads/train_1/1_848_0.mat,0.99023125,0,True
394,/home/mike/Downloads/train_1/1_418_0.mat,0.999746614583,0,True
395,/home/mike/Downloads/train_1/1_876_0.mat,0.99990078125,0,True
396,/home/mike/Downloads/train_1/1_75_0.mat,0.999778385417,0,True
397,/home/mike/Downloads/train_1/1_304_0.mat,0.999933072917,0,True
398,/home/mike/Downloads/train_1/1_786_0.mat,0.99033671875,0,True
399,/home/mike/Downloads/train_1/1_435_0.mat,0.469627083333,0,False
400,/home/mike/Downloads/train_1/1_259_0.mat,0.99977265625,0,True
401,/home/mike/Downloads/train_1/1_929_0.mat,0.999782291667,0,True
402,/home/mike/Downloads/train_1/1_457_0.mat,0.59073828125,0,False
403,/home/mike/Downloads/train_1/1_190_0.mat,0.999834895833,0,True
404,/home/mike/Downloads/train_1/1_328_0.mat,0.99972890625,0,True
405,/home/mike/Downloads/train_1/1_512_0.mat,0.978571875,0,True
406,/home/mike/Downloads/train_1/1_953_0.mat,0.999754427083,0,True
407,/home/mike/Downloads/train_1/1_345_0.mat,0.587566927083,0,False
408,/home/mike/Downloads/train_1/1_747_0.mat,0.995878385417,0,True
409,/home/mike/Downloads/train_1/1_678_0.mat,0.999928385417,0,True
410,/home/mike/Downloads/train_1/1_719_0.mat,0.9998703125,0,True
411,/home/mike/Downloads/train_1/1_1002_0.mat,0.999758854167,0,True
412,/home/mike/Downloads/train_1/1_792_0.mat,0.999840625,0,True
413,/home/mike/Downloads/train_1/1_239_0.mat,0.99974296875,0,True
414,/home/mike/Downloads/train_1/1_153_0.mat,0.999890885417,0,True
415,/home/mike/Downloads/train_1/1_314_0.mat,0.999851041667,0,True
416,/home/mike/Downloads/train_1/1_164_0.mat,0.9996953125,0,True
417,/home/mike/Downloads/train_1/1_565_0.mat,0.0,0,False
418,/home/mike/Downloads/train_1/1_260_0.mat,0.999800260417,0,True
419,/home/mike/Downloads/train_1/1_926_0.mat,0.664623177083,0,False
420,/home/mike/Downloads/train_1/1_1117_0.mat,0.242284635417,0,False
421,/home/mike/Downloads/train_1/1_754_0.mat,0.952736197917,0,True
422,/home/mike/Downloads/train_1/1_803_0.mat,0.986276822917,0,True
423,/home/mike/Downloads/train_1/1_1128_0.mat,0.688797916667,0,False
424,/home/mike/Downloads/train_1/1_1146_0.mat,0.999795833333,0,True
425,/home/mike/Downloads/train_1/1_383_0.mat,0.980398958333,0,True
426,/home/mike/Downloads/train_1/1_668_0.mat,0.982844270833,0,True
427,/home/mike/Downloads/train_1/1_669_0.mat,0.980762239583,0,True
428,/home/mike/Downloads/train_1/1_1088_0.mat,0.0,0,False
429,/home/mike/Downloads/train_1/1_600_0.mat,0.999762239583,0,True
430,/home/mike/Downloads/train_1/1_198_0.mat,0.0,0,False
431,/home/mike/Downloads/train_1/1_771_0.mat,0.999901822917,0,True
432,/home/mike/Downloads/train_1/1_890_0.mat,0.9997984375,0,True
433,/home/mike/Downloads/train_1/1_61_0.mat,0.999806770833,0,True
434,/home/mike/Downloads/train_1/1_1052_0.mat,0.999938020833,0,True
435,/home/mike/Downloads/train_1/1_419_0.mat,0.999758072917,0,True
436,/home/mike/Downloads/train_1/1_1027_0.mat,0.175062239583,0,False
437,/home/mike/Downloads/train_1/1_24_0.mat,0.134030729167,0,False
438,/home/mike/Downloads/train_1/1_896_0.mat,0.999745052083,0,True
439,/home/mike/Downloads/train_1/1_324_0.mat,0.999836458333,0,True
440,/home/mike/Downloads/train_1/1_760_0.mat,0.94096484375,0,False
441,/home/mike/Downloads/train_1/1_506_0.mat,0.99418671875,0,True
442,/home/mike/Downloads/train_1/1_606_0.mat,0.999829947917,0,True
443,/home/mike/Downloads/train_1/1_816_0.mat,0.227734375,0,False
444,/home/mike/Downloads/train_1/1_932_0.mat,0.380360677083,0,False
445,/home/mike/Downloads/train_1/1_766_0.mat,0.884323697917,0,False
446,/home/mike/Downloads/train_1/1_307_0.mat,0.999935416667,0,True
447,/home/mike/Downloads/train_1/1_193_0.mat,0.999903385417,0,True
448,/home/mike/Downloads/train_1/1_65_0.mat,0.999789583333,0,True
449,/home/mike/Downloads/train_1/1_608_0.mat,0.99981484375,0,True
450,/home/mike/Downloads/train_1/1_1004_0.mat,0.734535677083,0,False
451,/home/mike/Downloads/train_1/1_289_0.mat,0.999809895833,0,True
452,/home/mike/Downloads/train_1/1_898_0.mat,0.490296875,0,False
453,/home/mike/Downloads/train_1/1_917_0.mat,0.1738328125,0,False
454,/home/mike/Downloads/train_1/1_1018_0.mat,0.413796875,0,False
455,/home/mike/Downloads/train_1/1_728_0.mat,0.95729296875,0,True
456,/home/mike/Downloads/train_1/1_981_0.mat,0.999819010417,0,True
457,/home/mike/Downloads/train_1/1_362_0.mat,0.999910416667,0,True
458,/home/mike/Downloads/train_1/1_455_0.mat,0.999760416667,0,True
459,/home/mike/Downloads/train_1/1_206_0.mat,0.99988984375,0,True
460,/home/mike/Downloads/train_1/1_411_0.mat,0.988447135417,0,True
461,/home/mike/Downloads/train_1/1_538_0.mat,0.992073958333,0,True
462,/home/mike/Downloads/train_1/1_1149_0.mat,0.99961484375,0,True
463,/home/mike/Downloads/train_1/1_956_0.mat,0.999765364583,0,True
464,/home/mike/Downloads/train_1/1_44_0.mat,0.999720052083,0,True
465,/home/mike/Downloads/train_1/1_448_0.mat,0.99976328125,0,True
466,/home/mike/Downloads/train_1/1_687_0.mat,0.999863020833,0,True
467,/home/mike/Downloads/train_1/1_172_0.mat,0.999775,0,True
468,/home/mike/Downloads/train_1/1_386_0.mat,0.999772135417,0,True
469,/home/mike/Downloads/train_1/1_527_0.mat,0.999795833333,0,True
470,/home/mike/Downloads/train_1/1_378_0.mat,0.99991328125,0,True
471,/home/mike/Downloads/train_1/1_866_0.mat,0.400795052083,0,False
472,/home/mike/Downloads/train_1/1_270_0.mat,0.99982109375,0,True
473,/home/mike/Downloads/train_1/1_1110_0.mat,0.897677864583,0,False
474,/home/mike/Downloads/train_1/1_859_0.mat,0.99995,0,True
475,/home/mike/Downloads/train_1/1_300_0.mat,0.99994765625,0,True
476,/home/mike/Downloads/train_1/1_251_0.mat,0.9997078125,0,True
477,/home/mike/Downloads/train_1/1_611_0.mat,0.999798697917,0,True
478,/home/mike/Downloads/train_1/1_537_0.mat,0.999783333333,0,True
479,/home/mike/Downloads/train_1/1_409_0.mat,0.686578385417,0,False
480,/home/mike/Downloads/train_1/1_887_0.mat,0.999789322917,0,True
481,/home/mike/Downloads/train_1/1_384_0.mat,0.304085677083,0,False
482,/home/mike/Downloads/train_1/1_465_0.mat,0.000625,0,False
483,/home/mike/Downloads/train_1/1_756_0.mat,0.9089828125,0,False
484,/home/mike/Downloads/train_1/1_525_0.mat,0.999868229167,0,True
485,/home/mike/Downloads/train_1/1_841_0.mat,0.947908854167,0,False
486,/home/mike/Downloads/train_1/1_1041_0.mat,0.999881510417,0,True
487,/home/mike/Downloads/train_1/1_1126_0.mat,0.303519010417,0,False
488,/home/mike/Downloads/train_1/1_343_0.mat,0.99975234375,0,True
489,/home/mike/Downloads/train_1/1_844_0.mat,0.6289875,0,False
490,/home/mike/Downloads/train_1/1_785_0.mat,0.9806953125,0,True
491,/home/mike/Downloads/train_1/1_56_0.mat,0.999717708333,0,True
492,/home/mike/Downloads/train_1/1_5_0.mat,0.743372916667,0,False
493,/home/mike/Downloads/train_1/1_1082_0.mat,0.999735416667,0,True
494,/home/mike/Downloads/train_1/1_485_0.mat,0.365270052083,0,False
495,/home/mike/Downloads/train_1/1_30_0.mat,0.61986328125,0,False
496,/home/mike/Downloads/train_1/1_173_0.mat,0.999819270833,0,True
497,/home/mike/Downloads/train_1/1_237_0.mat,0.999752604167,0,True
498,/home/mike/Downloads/train_1/1_16_0.mat,0.9652765625,0,True
499,/home/mike/Downloads/train_1/1_1087_0.mat,0.0,0,False
500,/home/mike/Downloads/train_1/1_117_0.mat,0.995888020833,0,True
501,/home/mike/Downloads/train_1/1_229_0.mat,0.9998375,0,True
502,/home/mike/Downloads/train_1/1_649_0.mat,0.99983125,0,True
503,/home/mike/Downloads/train_1/1_1073_0.mat,0.452608333333,0,False
504,/home/mike/Downloads/train_1/1_427_0.mat,0.999735677083,0,True
505,/home/mike/Downloads/train_1/1_194_0.mat,0.999916927083,0,True
506,/home/mike/Downloads/train_1/1_36_0.mat,0.999753645833,0,True
507,/home/mike/Downloads/train_1/1_400_0.mat,0.957413541667,0,True
508,/home/mike/Downloads/train_1/1_256_0.mat,0.999829947917,0,True
509,/home/mike/Downloads/train_1/1_639_0.mat,0.98636640625,0,True
510,/home/mike/Downloads/train_1/1_625_0.mat,0.999877083333,0,True
511,/home/mike/Downloads/train_1/1_982_0.mat,0.251608333333,0,False
512,/home/mike/Downloads/train_1/1_574_0.mat,0.9977015625,0,True
513,/home/mike/Downloads/train_1/1_1049_0.mat,0.999904427083,0,True
514,/home/mike/Downloads/train_1/1_111_0.mat,0.335754427083,0,False
515,/home/mike/Downloads/train_1/1_79_0.mat,0.999795833333,0,True
516,/home/mike/Downloads/train_1/1_1054_0.mat,0.99991015625,0,True
517,/home/mike/Downloads/train_1/1_959_0.mat,0.999759375,0,True
518,/home/mike/Downloads/train_1/1_701_0.mat,0.883234375,0,False
519,/home/mike/Downloads/train_1/1_231_0.mat,0.999822135417,0,True
520,/home/mike/Downloads/train_1/1_810_0.mat,0.999828125,0,True
521,/home/mike/Downloads/train_1/1_218_0.mat,0.993839583333,0,True
522,/home/mike/Downloads/train_1/1_602_0.mat,0.999801822917,0,True
523,/home/mike/Downloads/train_1/1_1143_0.mat,0.34039921875,0,False
524,/home/mike/Downloads/train_1/1_408_0.mat,0.86657421875,0,False
525,/home/mike/Downloads/train_1/1_1127_0.mat,0.385005208333,0,False
526,/home/mike/Downloads/train_1/1_569_0.mat,0.999828385417,0,True
527,/home/mike/Downloads/train_1/1_677_0.mat,0.998053125,0,True
528,/home/mike/Downloads/train_1/1_833_0.mat,0.945852864583,0,False
529,/home/mike/Downloads/train_1/1_927_0.mat,0.0546611979167,0,False
530,/home/mike/Downloads/train_1/1_750_0.mat,0.988552083333,0,True
531,/home/mike/Downloads/train_1/1_858_0.mat,0.713604166667,0,False
532,/home/mike/Downloads/train_1/1_700_0.mat,0.616151822917,0,False
533,/home/mike/Downloads/train_1/1_382_0.mat,0.99977578125,0,True
534,/home/mike/Downloads/train_1/1_87_0.mat,0.9997625,0,True
535,/home/mike/Downloads/train_1/1_689_0.mat,0.99031796875,0,True
536,/home/mike/Downloads/train_1/1_740_0.mat,0.961492447917,0,True
537,/home/mike/Downloads/train_1/1_996_0.mat,0.70907265625,0,False
538,/home/mike/Downloads/train_1/1_120_0.mat,0.999765625,0,True
539,/home/mike/Downloads/train_1/1_316_0.mat,0.999904947917,0,True
540,/home/mike/Downloads/train_1/1_13_0.mat,0.6682421875,0,False
541,/home/mike/Downloads/train_1/1_466_0.mat,0.3934859375,0,False
542,/home/mike/Downloads/train_1/1_753_0.mat,0.864638020833,0,False
543,/home/mike/Downloads/train_1/1_442_0.mat,0.0269671875,0,False
544,/home/mike/Downloads/train_1/1_1064_0.mat,0.826560416667,0,False
545,/home/mike/Downloads/train_1/1_279_0.mat,0.999769010417,0,True
546,/home/mike/Downloads/train_1/1_320_0.mat,0.99987734375,0,True
547,/home/mike/Downloads/train_1/1_416_0.mat,0.991762760417,0,True
548,/home/mike/Downloads/train_1/1_567_0.mat,0.8154453125,0,False
549,/home/mike/Downloads/train_1/1_49_0.mat,0.999681770833,0,True
550,/home/mike/Downloads/train_1/1_988_0.mat,0.347013541667,0,False
551,/home/mike/Downloads/train_1/1_317_0.mat,0.999911197917,0,True
552,/home/mike/Downloads/train_1/1_502_0.mat,0.753184635417,0,False
553,/home/mike/Downloads/train_1/1_590_0.mat,0.999882291667,0,True
554,/home/mike/Downloads/train_1/1_535_0.mat,0.994158854167,0,True
555,/home/mike/Downloads/train_1/1_682_0.mat,0.965101822917,0,True
556,/home/mike/Downloads/train_1/1_930_0.mat,0.999730208333,0,True
557,/home/mike/Downloads/train_1/1_788_0.mat,0.999555729167,0,True
558,/home/mike/Downloads/train_1/1_161_0.mat,0.999895833333,0,True
559,/home/mike/Downloads/train_1/1_421_0.mat,0.998174479167,0,True
560,/home/mike/Downloads/train_1/1_325_0.mat,0.99975859375,0,True
561,/home/mike/Downloads/train_1/1_225_0.mat,0.999754427083,0,True
562,/home/mike/Downloads/train_1/1_637_0.mat,0.999875520833,0,True
563,/home/mike/Downloads/train_1/1_210_0.mat,0.9999140625,0,True
564,/home/mike/Downloads/train_1/1_106_0.mat,0.999753125,0,True
565,/home/mike/Downloads/train_1/1_271_0.mat,0.999750520833,0,True
566,/home/mike/Downloads/train_1/1_1026_0.mat,0.9998421875,0,True
567,/home/mike/Downloads/train_1/1_329_0.mat,0.975340625,0,True
568,/home/mike/Downloads/train_1/1_12_0.mat,0.999746614583,0,True
569,/home/mike/Downloads/train_1/1_1006_0.mat,0.99977734375,0,True
570,/home/mike/Downloads/train_1/1_78_0.mat,0.9997796875,0,True
571,/home/mike/Downloads/train_1/1_989_0.mat,0.99978125,0,True
572,/home/mike/Downloads/train_1/1_81_0.mat,0.999796614583,0,True
573,/home/mike/Downloads/train_1/1_601_0.mat,0.9998609375,0,True
574,/home/mike/Downloads/train_1/1_436_0.mat,0.67880859375,0,False
575,/home/mike/Downloads/train_1/1_230_0.mat,0.999828385417,0,True
576,/home/mike/Downloads/train_1/1_8_0.mat,0.950186458333,0,True
577,/home/mike/Downloads/train_1/1_359_0.mat,0.999927604167,0,True
578,/home/mike/Downloads/train_1/1_234_0.mat,0.999825,0,True
579,/home/mike/Downloads/train_1/1_983_0.mat,0.701217708333,0,False
580,/home/mike/Downloads/train_1/1_871_0.mat,0.9999578125,0,True
581,/home/mike/Downloads/train_1/1_594_0.mat,0.999786979167,0,True
582,/home/mike/Downloads/train_1/1_599_0.mat,0.999759375,0,True
583,/home/mike/Downloads/train_1/1_576_0.mat,0.999823958333,0,True
584,/home/mike/Downloads/train_1/1_228_0.mat,0.999746614583,0,True
585,/home/mike/Downloads/train_1/1_484_0.mat,0.001875,0,False
586,/home/mike/Downloads/train_1/1_1133_0.mat,0.359825520833,0,False
587,/home/mike/Downloads/train_1/1_854_0.mat,0.779198697917,0,False
588,/home/mike/Downloads/train_1/1_636_0.mat,0.975276822917,0,True
589,/home/mike/Downloads/train_1/1_734_0.mat,0.94798671875,0,False
590,/home/mike/Downloads/train_1/1_577_0.mat,0.896008072917,0,False
591,/home/mike/Downloads/train_1/1_875_0.mat,0.999961197917,0,True
592,/home/mike/Downloads/train_1/1_513_0.mat,0.993976041667,0,True
593,/home/mike/Downloads/train_1/1_961_0.mat,0.0,0,False
594,/home/mike/Downloads/train_1/1_596_0.mat,0.999734375,0,True
595,/home/mike/Downloads/train_1/1_242_0.mat,0.99972109375,0,True
596,/home/mike/Downloads/train_1/1_830_0.mat,0.997967447917,0,True
597,/home/mike/Downloads/train_1/1_674_0.mat,0.999913020833,0,True
598,/home/mike/Downloads/train_1/1_499_0.mat,0.549868229167,0,False
599,/home/mike/Downloads/train_1/1_824_0.mat,0.0510244791667,0,False
600,/home/mike/Downloads/train_1/1_156_0.mat,0.999863802083,0,True
601,/home/mike/Downloads/train_1/1_132_0.mat,0.99992734375,0,True
602,/home/mike/Downloads/train_1/1_518_0.mat,0.999838541667,0,True
603,/home/mike/Downloads/train_1/1_684_0.mat,0.9980359375,0,True
604,/home/mike/Downloads/train_1/1_410_0.mat,0.838854947917,0,False
605,/home/mike/Downloads/train_1/1_151_0.mat,0.99988359375,0,True
606,/home/mike/Downloads/train_1/1_907_0.mat,0.773561458333,0,False
607,/home/mike/Downloads/train_1/1_434_0.mat,0.914173958333,0,False
608,/home/mike/Downloads/train_1/1_169_0.mat,0.999901302083,0,True
609,/home/mike/Downloads/train_1/1_303_0.mat,0.99992578125,0,True
610,/home/mike/Downloads/train_1/1_342_0.mat,0.780684375,0,False
611,/home/mike/Downloads/train_1/1_211_0.mat,0.99990703125,0,True
612,/home/mike/Downloads/train_1/1_849_0.mat,0.999801041667,0,True
613,/home/mike/Downloads/train_1/1_764_0.mat,0.997864583333,0,True
614,/home/mike/Downloads/train_1/1_797_0.mat,0.9998796875,0,True
615,/home/mike/Downloads/train_1/1_60_0.mat,0.999748958333,0,True
616,/home/mike/Downloads/train_1/1_540_0.mat,0.980033072917,0,True
617,/home/mike/Downloads/train_1/1_186_0.mat,0.999728645833,0,True
618,/home/mike/Downloads/train_1/1_1132_0.mat,0.0,0,False
619,/home/mike/Downloads/train_1/1_949_0.mat,0.532276822917,0,False
620,/home/mike/Downloads/train_1/1_177_0.mat,0.9998796875,0,True
621,/home/mike/Downloads/train_1/1_787_0.mat,0.999777083333,0,True
622,/home/mike/Downloads/train_1/1_586_0.mat,0.999912239583,0,True
623,/home/mike/Downloads/train_1/1_1063_0.mat,0.999622135417,0,True
624,/home/mike/Downloads/train_1/1_1130_0.mat,0.916077864583,0,False
625,/home/mike/Downloads/train_1/1_1050_0.mat,0.999873177083,0,True
626,/home/mike/Downloads/train_1/1_88_0.mat,0.99396484375,0,True
627,/home/mike/Downloads/train_1/1_578_0.mat,0.0495684895833,0,False
628,/home/mike/Downloads/train_1/1_475_0.mat,0.999807552083,0,True
629,/home/mike/Downloads/train_1/1_430_0.mat,0.983879166667,0,True
630,/home/mike/Downloads/train_1/1_48_0.mat,0.999765364583,0,True
631,/home/mike/Downloads/train_1/1_1076_0.mat,0.999789322917,0,True
632,/home/mike/Downloads/train_1/1_334_0.mat,0.2737421875,0,False
633,/home/mike/Downloads/train_1/1_55_0.mat,0.999720052083,0,True
634,/home/mike/Downloads/train_1/1_539_0.mat,0.957271875,0,True
635,/home/mike/Downloads/train_1/1_119_0.mat,0.7825234375,0,False
636,/home/mike/Downloads/train_1/1_901_0.mat,0.9997875,0,True
637,/home/mike/Downloads/train_1/1_40_0.mat,0.99973203125,0,True
638,/home/mike/Downloads/train_1/1_114_0.mat,0.9960046875,0,True
639,/home/mike/Downloads/train_1/1_722_0.mat,0.999794010417,0,True
640,/home/mike/Downloads/train_1/1_822_0.mat,0.999743229167,0,True
641,/home/mike/Downloads/train_1/1_659_0.mat,0.99989921875,0,True
642,/home/mike/Downloads/train_1/1_1125_0.mat,0.999923697917,0,True
643,/home/mike/Downloads/train_1/1_821_0.mat,0.999721614583,0,True
644,/home/mike/Downloads/train_1/1_994_0.mat,0.546111197917,0,False
645,/home/mike/Downloads/train_1/1_464_0.mat,0.297628645833,0,False
646,/home/mike/Downloads/train_1/1_683_0.mat,0.99990546875,0,True
647,/home/mike/Downloads/train_1/1_7_0.mat,0.957317447917,0,True
648,/home/mike/Downloads/train_1/1_391_0.mat,0.688210677083,0,False
649,/home/mike/Downloads/train_1/1_453_0.mat,0.995641927083,0,True
650,/home/mike/Downloads/train_1/1_920_0.mat,0.999784895833,0,True
651,/home/mike/Downloads/train_1/1_962_0.mat,0.0,0,False
652,/home/mike/Downloads/train_1/1_361_0.mat,0.999925260417,0,True
653,/home/mike/Downloads/train_1/1_557_0.mat,0.0,0,False
654,/home/mike/Downloads/train_1/1_227_0.mat,0.999739583333,0,True
655,/home/mike/Downloads/train_1/1_19_0.mat,0.99979921875,0,True
656,/home/mike/Downloads/train_1/1_881_0.mat,0.999934114583,0,True
657,/home/mike/Downloads/train_1/1_946_0.mat,0.99975546875,0,True
658,/home/mike/Downloads/train_1/1_842_0.mat,0.793091145833,0,False
659,/home/mike/Downloads/train_1/1_264_0.mat,0.999823958333,0,True
660,/home/mike/Downloads/train_1/1_727_0.mat,0.968365625,0,True
661,/home/mike/Downloads/train_1/1_460_0.mat,0.999797916667,0,True
662,/home/mike/Downloads/train_1/1_208_0.mat,0.999902864583,0,True
663,/home/mike/Downloads/train_1/1_403_0.mat,0.90219296875,0,False
664,/home/mike/Downloads/train_1/1_405_0.mat,0.980535416667,0,True
665,/home/mike/Downloads/train_1/1_1100_0.mat,0.999905729167,0,True
666,/home/mike/Downloads/train_1/1_863_0.mat,0.999836979167,0,True
667,/home/mike/Downloads/train_1/1_923_0.mat,0.805869010417,0,False
668,/home/mike/Downloads/train_1/1_175_0.mat,0.999846875,0,True
669,/home/mike/Downloads/train_1/1_1012_0.mat,0.91320703125,0,False
670,/home/mike/Downloads/train_1/1_143_0.mat,0.239861458333,0,False
671,/home/mike/Downloads/train_1/1_1060_0.mat,0.999891927083,0,True
672,/home/mike/Downloads/train_1/1_277_0.mat,0.999765364583,0,True
673,/home/mike/Downloads/train_1/1_23_0.mat,0.999804427083,0,True
674,/home/mike/Downloads/train_1/1_196_0.mat,0.99990546875,0,True
675,/home/mike/Downloads/train_1/1_592_0.mat,0.9998375,0,True
676,/home/mike/Downloads/train_1/1_246_0.mat,0.99975625,0,True
677,/home/mike/Downloads/train_1/1_469_0.mat,0.329724739583,0,False
678,/home/mike/Downloads/train_1/1_1121_0.mat,0.9999375,0,True
679,/home/mike/Downloads/train_1/1_1055_0.mat,0.99992265625,0,True
680,/home/mike/Downloads/train_1/1_763_0.mat,0.990130729167,0,True
681,/home/mike/Downloads/train_1/1_773_0.mat,0.999894791667,0,True
682,/home/mike/Downloads/train_1/1_397_0.mat,0.9772078125,0,True
683,/home/mike/Downloads/train_1/1_1142_0.mat,0.0,0,False
684,/home/mike/Downloads/train_1/1_828_0.mat,0.99792421875,0,True
685,/home/mike/Downloads/train_1/1_321_0.mat,0.999911979167,0,True
686,/home/mike/Downloads/train_1/1_965_0.mat,0.9997296875,0,True
687,/home/mike/Downloads/train_1/1_1097_0.mat,0.999782552083,0,True
688,/home/mike/Downloads/train_1/1_1137_0.mat,0.999783072917,0,True
689,/home/mike/Downloads/train_1/1_924_0.mat,0.997904166667,0,True
690,/home/mike/Downloads/train_1/1_149_0.mat,0.999859114583,0,True
691,/home/mike/Downloads/train_1/1_1090_0.mat,0.995974479167,0,True
692,/home/mike/Downloads/train_1/1_1058_0.mat,0.99985,0,True
693,/home/mike/Downloads/train_1/1_200_0.mat,0.999912239583,0,True
694,/home/mike/Downloads/train_1/1_909_0.mat,0.863773177083,0,False
695,/home/mike/Downloads/train_1/1_1140_0.mat,0.229345052083,0,False
696,/home/mike/Downloads/train_1/1_395_0.mat,0.999753125,0,True
697,/home/mike/Downloads/train_1/1_706_0.mat,0.998022916667,0,True
698,/home/mike/Downloads/train_1/1_631_0.mat,0.85758046875,0,False
699,/home/mike/Downloads/train_1/1_825_0.mat,0.23119375,0,False
700,/home/mike/Downloads/train_1/1_1056_0.mat,0.999889583333,0,True
701,/home/mike/Downloads/train_1/1_850_0.mat,0.999791927083,0,True
702,/home/mike/Downloads/train_1/1_89_0.mat,0.99976640625,0,True
703,/home/mike/Downloads/train_1/1_855_0.mat,0.989640364583,0,True
704,/home/mike/Downloads/train_1/1_595_0.mat,0.999738541667,0,True
705,/home/mike/Downloads/train_1/1_245_0.mat,0.999754947917,0,True
706,/home/mike/Downloads/train_1/1_966_0.mat,0.846029947917,0,False
707,/home/mike/Downloads/train_1/1_737_0.mat,0.9960609375,0,True
708,/home/mike/Downloads/train_1/1_944_0.mat,0.99986171875,0,True
709,/home/mike/Downloads/train_1/1_138_0.mat,0.99994765625,0,True
710,/home/mike/Downloads/train_1/1_1135_0.mat,0.446769270833,0,False
711,/home/mike/Downloads/train_1/1_921_0.mat,0.787333072917,0,False
712,/home/mike/Downloads/train_1/1_802_0.mat,0.999795052083,0,True
713,/home/mike/Downloads/train_1/1_290_0.mat,0.999851041667,0,True
714,/home/mike/Downloads/train_1/1_214_0.mat,0.999861979167,0,True
715,/home/mike/Downloads/train_1/1_874_0.mat,0.999945833333,0,True
716,/home/mike/Downloads/train_1/1_131_0.mat,0.999926302083,0,True
717,/home/mike/Downloads/train_1/1_533_0.mat,0.999834635417,0,True
718,/home/mike/Downloads/train_1/1_804_0.mat,0.999823177083,0,True
719,/home/mike/Downloads/train_1/1_223_0.mat,0.9997421875,0,True
720,/home/mike/Downloads/train_1/1_664_0.mat,0.99993046875,0,True
721,/home/mike/Downloads/train_1/1_216_0.mat,0.999898177083,0,True
722,/home/mike/Downloads/train_1/1_139_0.mat,0.999926041667,0,True
723,/home/mike/Downloads/train_1/1_657_0.mat,0.999904947917,0,True
724,/home/mike/Downloads/train_1/1_801_0.mat,0.999836197917,0,True
725,/home/mike/Downloads/train_1/1_34_0.mat,0.997931510417,0,True
726,/home/mike/Downloads/train_1/1_1148_0.mat,0.866154427083,0,False
727,/home/mike/Downloads/train_1/1_134_0.mat,0.99991953125,0,True
728,/home/mike/Downloads/train_1/1_776_0.mat,0.999946354167,0,True
729,/home/mike/Downloads/train_1/1_154_0.mat,0.999909895833,0,True
730,/home/mike/Downloads/train_1/1_490_0.mat,0.999855729167,0,True
731,/home/mike/Downloads/train_1/1_598_0.mat,0.999745052083,0,True
732,/home/mike/Downloads/train_1/1_990_0.mat,0.99978984375,0,True
733,/home/mike/Downloads/train_1/1_74_0.mat,0.99977890625,0,True
734,/home/mike/Downloads/train_1/1_653_0.mat,0.9999,0,True
735,/home/mike/Downloads/train_1/1_806_0.mat,0.99829375,0,True
736,/home/mike/Downloads/train_1/1_189_0.mat,0.999827083333,0,True
737,/home/mike/Downloads/train_1/1_498_0.mat,0.999875260417,0,True
738,/home/mike/Downloads/train_1/1_951_0.mat,0.452877864583,0,False
739,/home/mike/Downloads/train_1/1_330_0.mat,0.42450390625,0,False
740,/home/mike/Downloads/train_1/1_814_0.mat,0.913812239583,0,False
741,/home/mike/Downloads/train_1/1_368_0.mat,0.999927864583,0,True
742,/home/mike/Downloads/train_1/1_847_0.mat,0.999578125,0,True
743,/home/mike/Downloads/train_1/1_487_0.mat,0.0,0,False
744,/home/mike/Downloads/train_1/1_617_0.mat,0.999872916667,0,True
745,/home/mike/Downloads/train_1/1_101_0.mat,0.999723177083,0,True
746,/home/mike/Downloads/train_1/1_834_0.mat,0.901902083333,0,False
747,/home/mike/Downloads/train_1/1_864_0.mat,0.99986875,0,True
748,/home/mike/Downloads/train_1/1_352_0.mat,0.999930208333,0,True
749,/home/mike/Downloads/train_1/1_954_0.mat,0.9998296875,0,True
750,/home/mike/Downloads/train_1/1_141_0.mat,0.99991328125,0,True
751,/home/mike/Downloads/train_1/1_51_0.mat,0.609839322917,0,False
752,/home/mike/Downloads/train_1/1_428_0.mat,0.99968125,0,True
753,/home/mike/Downloads/train_1/1_933_0.mat,0.0,0,False
754,/home/mike/Downloads/train_1/1_672_0.mat,0.9636734375,0,True
755,/home/mike/Downloads/train_1/1_1061_0.mat,0.99985,0,True
756,/home/mike/Downloads/train_1/1_935_0.mat,0.999741145833,0,True
757,/home/mike/Downloads/train_1/1_811_0.mat,0.999828645833,0,True
758,/home/mike/Downloads/train_1/1_928_0.mat,0.620188020833,0,False
759,/home/mike/Downloads/train_1/1_991_0.mat,0.993992447917,0,True
760,/home/mike/Downloads/train_1/1_37_0.mat,0.950730729167,0,True
761,/home/mike/Downloads/train_1/1_997_0.mat,0.999873958333,0,True
762,/home/mike/Downloads/train_1/1_212_0.mat,0.999897395833,0,True
763,/home/mike/Downloads/train_1/1_604_0.mat,0.999827864583,0,True
764,/home/mike/Downloads/train_1/1_986_0.mat,0.929236979167,0,False
765,/home/mike/Downloads/train_1/1_335_0.mat,0.869725260417,0,False
766,/home/mike/Downloads/train_1/1_10_0.mat,0.897286979167,0,False
767,/home/mike/Downloads/train_1/1_943_0.mat,0.982096354167,0,True
768,/home/mike/Downloads/train_1/1_109_0.mat,0.9996953125,0,True
769,/home/mike/Downloads/train_1/1_969_0.mat,0.161927083333,0,False
770,/home/mike/Downloads/train_1/1_826_0.mat,0.992032291667,0,True
771,/home/mike/Downloads/train_1/1_784_0.mat,0.999890885417,0,True
772,/home/mike/Downloads/train_1/1_531_0.mat,0.994198958333,0,True
773,/home/mike/Downloads/train_1/1_18_0.mat,0.656996354167,0,False
774,/home/mike/Downloads/train_1/1_688_0.mat,0.987833072917,0,True
775,/home/mike/Downloads/train_1/1_481_0.mat,0.999920572917,0,True
776,/home/mike/Downloads/train_1/1_344_0.mat,0.995835416667,0,True
777,/home/mike/Downloads/train_1/1_159_0.mat,0.999900260417,0,True
778,/home/mike/Downloads/train_1/1_1109_0.mat,0.856637760417,0,False
779,/home/mike/Downloads/train_1/1_1013_0.mat,0.127471614583,0,False
780,/home/mike/Downloads/train_1/1_29_0.mat,0.792696354167,0,False
781,/home/mike/Downloads/train_1/1_547_0.mat,0.608710416667,0,False
782,/home/mike/Downloads/train_1/1_483_0.mat,0.999942708333,0,True
783,/home/mike/Downloads/train_1/1_166_0.mat,0.999891927083,0,True
784,/home/mike/Downloads/train_1/1_447_0.mat,0.90252890625,0,False
785,/home/mike/Downloads/train_1/1_222_0.mat,0.999726302083,0,True
786,/home/mike/Downloads/train_1/1_723_0.mat,0.999803385417,0,True
787,/home/mike/Downloads/train_1/1_560_0.mat,0.922879427083,0,False
788,/home/mike/Downloads/train_1/1_365_0.mat,0.99991484375,0,True
789,/home/mike/Downloads/train_1/1_651_0.mat,0.999842447917,0,True
790,/home/mike/Downloads/train_1/1_226_0.mat,0.99975859375,0,True
791,/home/mike/Downloads/train_1/1_939_0.mat,0.997908854167,0,True
792,/home/mike/Downloads/train_1/1_934_0.mat,0.832100260417,0,False
793,/home/mike/Downloads/train_1/1_284_0.mat,0.99975625,0,True
794,/home/mike/Downloads/train_1/1_123_0.mat,0.999890104167,0,True
795,/home/mike/Downloads/train_1/1_846_0.mat,0.999775260417,0,True
796,/home/mike/Downloads/train_1/1_717_0.mat,0.999869791667,0,True
797,/home/mike/Downloads/train_1/1_1023_0.mat,0.0210393229167,0,False
798,/home/mike/Downloads/train_1/1_755_0.mat,0.999799739583,0,True
799,/home/mike/Downloads/train_1/1_91_0.mat,0.99977265625,0,True
800,/home/mike/Downloads/train_1/1_704_0.mat,0.999893229167,0,True
801,/home/mike/Downloads/train_1/1_285_0.mat,0.994168229167,0,True
802,/home/mike/Downloads/train_1/1_556_0.mat,0.471245833333,0,False
803,/home/mike/Downloads/train_1/1_497_0.mat,0.999883072917,0,True
804,/home/mike/Downloads/train_1/1_215_0.mat,0.999898177083,0,True
805,/home/mike/Downloads/train_1/1_895_0.mat,0.999759895833,0,True
806,/home/mike/Downloads/train_1/1_762_0.mat,0.944115625,0,False
807,/home/mike/Downloads/train_1/1_897_0.mat,0.49115703125,0,False
808,/home/mike/Downloads/train_1/1_496_0.mat,0.999879947917,0,True
809,/home/mike/Downloads/train_1/1_521_0.mat,0.984217447917,0,True
810,/home/mike/Downloads/train_1/1_715_0.mat,0.999889322917,0,True
811,/home/mike/Downloads/train_1/1_906_0.mat,0.00645520833333,0,False
812,/home/mike/Downloads/train_1/1_757_0.mat,0.0172903645833,0,False
813,/home/mike/Downloads/train_1/1_347_0.mat,0.995595833333,0,True
814,/home/mike/Downloads/train_1/1_585_0.mat,0.999931510417,0,True
815,/home/mike/Downloads/train_1/1_884_0.mat,0.931880989583,0,False
816,/home/mike/Downloads/train_1/1_779_0.mat,0.999913802083,0,True
817,/home/mike/Downloads/train_1/1_716_0.mat,0.999923697917,0,True
818,/home/mike/Downloads/train_1/1_470_0.mat,0.711475,0,False
819,/home/mike/Downloads/train_1/1_1083_0.mat,0.999761979167,0,True
820,/home/mike/Downloads/train_1/1_459_0.mat,0.955449479167,0,True
821,/home/mike/Downloads/train_1/1_420_0.mat,0.999775260417,0,True
822,/home/mike/Downloads/train_1/1_99_0.mat,0.582140364583,0,False
823,/home/mike/Downloads/train_1/1_705_0.mat,0.9999171875,0,True
824,/home/mike/Downloads/train_1/1_98_0.mat,0.0,0,False
825,/home/mike/Downloads/train_1/1_1069_0.mat,0.993021354167,0,True
826,/home/mike/Downloads/train_1/1_287_0.mat,0.99987109375,0,True
827,/home/mike/Downloads/train_1/1_1010_0.mat,0.999744791667,0,True
828,/home/mike/Downloads/train_1/1_3_0.mat,0.999813802083,0,True
829,/home/mike/Downloads/train_1/1_642_0.mat,0.872332291667,0,False
830,/home/mike/Downloads/train_1/1_181_0.mat,0.945055989583,0,False
831,/home/mike/Downloads/train_1/1_318_0.mat,0.999938020833,0,True
832,/home/mike/Downloads/train_1/1_1068_0.mat,0.810686979167,0,False
833,/home/mike/Downloads/train_1/1_553_0.mat,0.99977890625,0,True
834,/home/mike/Downloads/train_1/1_39_0.mat,0.99977734375,0,True
835,/home/mike/Downloads/train_1/1_730_0.mat,0.999819010417,0,True
836,/home/mike/Downloads/train_1/1_262_0.mat,0.99976328125,0,True
837,/home/mike/Downloads/train_1/1_838_0.mat,0.734210677083,0,False
838,/home/mike/Downloads/train_1/1_823_0.mat,0.0,0,False
839,/home/mike/Downloads/train_1/1_1071_0.mat,0.919455989583,0,False
840,/home/mike/Downloads/train_1/1_541_0.mat,0.999712239583,0,True
841,/home/mike/Downloads/train_1/1_326_0.mat,0.999748697917,0,True
842,/home/mike/Downloads/train_1/1_367_0.mat,0.999933333333,0,True
843,/home/mike/Downloads/train_1/1_336_0.mat,0.956584375,0,True
844,/home/mike/Downloads/train_1/1_47_0.mat,0.999745052083,0,True
845,/home/mike/Downloads/train_1/1_853_0.mat,0.772972916667,0,False
846,/home/mike/Downloads/train_1/1_945_0.mat,0.999827864583,0,True
847,/home/mike/Downloads/train_1/1_861_0.mat,0.712618489583,0,False
848,/home/mike/Downloads/train_1/1_1086_0.mat,0.673311458333,0,False
849,/home/mike/Downloads/train_1/1_293_0.mat,0.999871875,0,True
850,/home/mike/Downloads/train_1/1_1065_0.mat,0.966178125,0,True
851,/home/mike/Downloads/train_1/1_73_0.mat,0.999763541667,0,True
852,/home/mike/Downloads/train_1/1_1044_0.mat,0.99984765625,0,True
853,/home/mike/Downloads/train_1/1_765_0.mat,0.963900260417,0,True
854,/home/mike/Downloads/train_1/1_253_0.mat,0.999775520833,0,True
855,/home/mike/Downloads/train_1/1_471_0.mat,0.9708234375,0,True
856,/home/mike/Downloads/train_1/1_473_0.mat,0.876915885417,0,False
857,/home/mike/Downloads/train_1/1_311_0.mat,0.99981328125,0,True
858,/home/mike/Downloads/train_1/1_630_0.mat,0.9998625,0,True
859,/home/mike/Downloads/train_1/1_1059_0.mat,0.9998765625,0,True
860,/home/mike/Downloads/train_1/1_597_0.mat,0.99974296875,0,True
861,/home/mike/Downloads/train_1/1_461_0.mat,0.99972734375,0,True
862,/home/mike/Downloads/train_1/1_1075_0.mat,0.36200703125,0,False
863,/home/mike/Downloads/train_1/1_658_0.mat,0.999886458333,0,True
864,/home/mike/Downloads/train_1/1_255_0.mat,0.999815625,0,True
865,/home/mike/Downloads/train_1/1_692_0.mat,0.999892447917,0,True
866,/home/mike/Downloads/train_1/1_31_0.mat,0.922660416667,0,False
867,/home/mike/Downloads/train_1/1_63_0.mat,0.988128645833,0,True
868,/home/mike/Downloads/train_1/1_720_0.mat,0.999868489583,0,True
869,/home/mike/Downloads/train_1/1_451_0.mat,0.351931770833,0,False
870,/home/mike/Downloads/train_1/1_90_0.mat,0.997710416667,0,True
871,/home/mike/Downloads/train_1/1_80_0.mat,0.999778125,0,True
872,/home/mike/Downloads/train_1/1_1092_0.mat,0.999797135417,0,True
873,/home/mike/Downloads/train_1/1_42_0.mat,0.99975078125,0,True
874,/home/mike/Downloads/train_1/1_1051_0.mat,0.99990390625,0,True
875,/home/mike/Downloads/train_1/1_903_0.mat,0.894361458333,0,False
876,/home/mike/Downloads/train_1/1_702_0.mat,0.988417708333,0,True
877,/home/mike/Downloads/train_1/1_1123_0.mat,0.999933072917,0,True
878,/home/mike/Downloads/train_1/1_922_0.mat,0.993961458333,0,True
879,/home/mike/Downloads/train_1/1_1031_0.mat,0.99983203125,0,True
880,/home/mike/Downloads/train_1/1_857_0.mat,0.558014583333,0,False
881,/home/mike/Downloads/train_1/1_690_0.mat,0.96188828125,0,True
882,/home/mike/Downloads/train_1/1_524_0.mat,0.999904166667,0,True
883,/home/mike/Downloads/train_1/1_274_0.mat,0.9997640625,0,True
884,/home/mike/Downloads/train_1/1_721_0.mat,0.999798958333,0,True
885,/home/mike/Downloads/train_1/1_564_0.mat,0.999778125,0,True
886,/home/mike/Downloads/train_1/1_888_0.mat,0.999716927083,0,True
887,/home/mike/Downloads/train_1/1_297_0.mat,0.999932552083,0,True
888,/home/mike/Downloads/train_1/1_299_0.mat,0.999901041667,0,True
889,/home/mike/Downloads/train_1/1_542_0.mat,0.990158854167,0,True
890,/home/mike/Downloads/train_1/1_656_0.mat,0.999894270833,0,True
891,/home/mike/Downloads/train_1/1_503_0.mat,0.924220572917,0,False
892,/home/mike/Downloads/train_1/1_414_0.mat,0.972809635417,0,True
893,/home/mike/Downloads/train_1/1_478_0.mat,0.46768125,0,False
894,/home/mike/Downloads/train_1/1_615_0.mat,0.96630546875,0,True
895,/home/mike/Downloads/train_1/1_155_0.mat,0.999857291667,0,True
896,/home/mike/Downloads/train_1/1_371_0.mat,0.99991484375,0,True
897,/home/mike/Downloads/train_1/1_477_0.mat,0.0745721354167,0,False
898,/home/mike/Downloads/train_1/1_179_0.mat,0.99989375,0,True
899,/home/mike/Downloads/train_1/1_394_0.mat,0.999787760417,0,True
900,/home/mike/Downloads/train_1/1_545_0.mat,0.999737239583,0,True
901,/home/mike/Downloads/train_1/1_694_0.mat,0.996113802083,0,True
902,/home/mike/Downloads/train_1/1_1034_0.mat,0.999822916667,0,True
903,/home/mike/Downloads/train_1/1_301_0.mat,0.99992421875,0,True
904,/home/mike/Downloads/train_1/1_122_0.mat,0.999828125,0,True
905,/home/mike/Downloads/train_1/1_184_0.mat,0.99979765625,0,True
906,/home/mike/Downloads/train_1/1_1078_0.mat,0.999809114583,0,True
907,/home/mike/Downloads/train_1/1_1036_0.mat,0.999806770833,0,True
908,/home/mike/Downloads/train_1/1_440_0.mat,0.99975078125,0,True
909,/home/mike/Downloads/train_1/1_305_0.mat,0.99992109375,0,True
910,/home/mike/Downloads/train_1/1_479_0.mat,0.9998109375,0,True
911,/home/mike/Downloads/train_1/1_645_0.mat,0.999730989583,0,True
912,/home/mike/Downloads/train_1/1_77_0.mat,0.999798958333,0,True
913,/home/mike/Downloads/train_1/1_865_0.mat,0.803676041667,0,False
914,/home/mike/Downloads/train_1/1_150_0.mat,0.9998546875,0,True
915,/home/mike/Downloads/train_1/1_28_0.mat,0.313208333333,0,False
916,/home/mike/Downloads/train_1/1_1108_0.mat,0.929135416667,0,False
917,/home/mike/Downloads/train_1/1_108_0.mat,0.999778385417,0,True
918,/home/mike/Downloads/train_1/1_107_0.mat,0.999790885417,0,True
919,/home/mike/Downloads/train_1/1_298_0.mat,0.999922395833,0,True
920,/home/mike/Downloads/train_1/1_629_0.mat,0.999835677083,0,True
921,/home/mike/Downloads/train_1/1_62_0.mat,0.9883515625,0,True
922,/home/mike/Downloads/train_1/1_528_0.mat,0.995815625,0,True
923,/home/mike/Downloads/train_1/1_14_0.mat,0.669207291667,0,False
924,/home/mike/Downloads/train_1/1_488_0.mat,0.0327028645833,0,False
925,/home/mike/Downloads/train_1/1_348_0.mat,0.0867424479167,0,False
926,/home/mike/Downloads/train_1/1_195_0.mat,0.999902083333,0,True
927,/home/mike/Downloads/train_1/1_1030_0.mat,0.999840625,0,True
928,/home/mike/Downloads/train_1/1_1015_0.mat,0.697385416667,0,False
929,/home/mike/Downloads/train_1/1_621_0.mat,0.99026640625,0,True
930,/home/mike/Downloads/train_1/1_1124_0.mat,0.999920052083,0,True
931,/home/mike/Downloads/train_1/1_407_0.mat,0.902410677083,0,False
932,/home/mike/Downloads/train_1/1_59_0.mat,0.986000260417,0,True
933,/home/mike/Downloads/train_1/1_588_0.mat,0.999892447917,0,True
934,/home/mike/Downloads/train_1/1_650_0.mat,0.999858072917,0,True
935,/home/mike/Downloads/train_1/1_879_0.mat,0.999906510417,0,True
936,/home/mike/Downloads/train_1/1_219_0.mat,0.998007552083,0,True
937,/home/mike/Downloads/train_1/1_1147_0.mat,0.0,0,False
938,/home/mike/Downloads/train_1/1_1039_0.mat,0.999845572917,0,True
939,/home/mike/Downloads/train_1/1_713_0.mat,0.999888020833,0,True
940,/home/mike/Downloads/train_1/1_135_0.mat,0.999931770833,0,True
941,/home/mike/Downloads/train_1/1_628_0.mat,0.999809114583,0,True
942,/home/mike/Downloads/train_1/1_286_0.mat,0.990234114583,0,True
943,/home/mike/Downloads/train_1/1_486_0.mat,0.468616666667,0,False
944,/home/mike/Downloads/train_1/1_908_0.mat,0.935018489583,0,False
945,/home/mike/Downloads/train_1/1_292_0.mat,0.99986171875,0,True
946,/home/mike/Downloads/train_1/1_550_0.mat,0.999769791667,0,True
947,/home/mike/Downloads/train_1/1_327_0.mat,0.99973828125,0,True
948,/home/mike/Downloads/train_1/1_647_0.mat,0.999727604167,0,True
949,/home/mike/Downloads/train_1/1_514_0.mat,0.999843489583,0,True
950,/home/mike/Downloads/train_1/1_609_0.mat,0.999838541667,0,True
951,/home/mike/Downloads/train_1/1_919_0.mat,0.997926822917,0,True
952,/home/mike/Downloads/train_1/1_356_0.mat,0.999914583333,0,True
953,/home/mike/Downloads/train_1/1_147_0.mat,0.999858854167,0,True
954,/home/mike/Downloads/train_1/1_105_0.mat,0.999724479167,0,True
955,/home/mike/Downloads/train_1/1_250_0.mat,0.9997625,0,True
956,/home/mike/Downloads/train_1/1_832_0.mat,0.967555729167,0,True
957,/home/mike/Downloads/train_1/1_519_0.mat,0.999829427083,0,True
958,/home/mike/Downloads/train_1/1_340_0.mat,0.997721875,0,True
959,/home/mike/Downloads/train_1/1_958_0.mat,0.9997203125,0,True
960,/home/mike/Downloads/train_1/1_781_0.mat,0.999933072917,0,True
961,/home/mike/Downloads/train_1/1_952_0.mat,0.99955,0,True
962,/home/mike/Downloads/train_1/1_902_0.mat,0.917518229167,0,False
963,/home/mike/Downloads/train_1/1_782_0.mat,0.999904947917,0,True
964,/home/mike/Downloads/train_1/1_614_0.mat,0.999859114583,0,True
965,/home/mike/Downloads/train_1/1_249_0.mat,0.999775,0,True
966,/home/mike/Downloads/train_1/1_45_0.mat,0.999729947917,0,True
967,/home/mike/Downloads/train_1/1_374_0.mat,0.999877864583,0,True
968,/home/mike/Downloads/train_1/1_70_0.mat,0.999734114583,0,True
969,/home/mike/Downloads/train_1/1_610_0.mat,0.999814322917,0,True
970,/home/mike/Downloads/train_1/1_1151_0.mat,0.99777890625,0,True
971,/home/mike/Downloads/train_1/1_799_0.mat,0.999831510417,0,True
972,/home/mike/Downloads/train_1/1_188_0.mat,0.074240625,0,False
973,/home/mike/Downloads/train_1/1_1150_0.mat,0.999777083333,0,True
974,/home/mike/Downloads/train_1/1_183_0.mat,0.999766927083,0,True
975,/home/mike/Downloads/train_1/1_1019_0.mat,0.624290104167,0,False
976,/home/mike/Downloads/train_1/1_709_0.mat,0.947691666667,0,False
977,/home/mike/Downloads/train_1/1_883_0.mat,0.6854875,0,False
978,/home/mike/Downloads/train_1/1_515_0.mat,0.997759895833,0,True
979,/home/mike/Downloads/train_1/1_1116_0.mat,0.986801822917,0,True
980,/home/mike/Downloads/train_1/1_800_0.mat,0.999851041667,0,True
981,/home/mike/Downloads/train_1/1_142_0.mat,0.99990234375,0,True
982,/home/mike/Downloads/train_1/1_423_0.mat,0.999824479167,0,True
983,/home/mike/Downloads/train_1/1_444_0.mat,0.979107291667,0,True
984,/home/mike/Downloads/train_1/1_449_0.mat,0.99983359375,0,True
985,/home/mike/Downloads/train_1/1_584_0.mat,0.999923958333,0,True
986,/home/mike/Downloads/train_1/1_458_0.mat,0.0,0,False
987,/home/mike/Downloads/train_1/1_777_0.mat,0.999918489583,0,True
988,/home/mike/Downloads/train_1/1_941_0.mat,0.621106770833,0,False
989,/home/mike/Downloads/train_1/1_573_0.mat,0.999840104167,0,True
990,/home/mike/Downloads/train_1/1_22_0.mat,0.999775,0,True
991,/home/mike/Downloads/train_1/1_288_0.mat,0.999801302083,0,True
992,/home/mike/Downloads/train_1/1_312_0.mat,0.99987421875,0,True
993,/home/mike/Downloads/train_1/1_999_0.mat,0.978741927083,0,True
994,/home/mike/Downloads/train_1/1_761_0.mat,0.809948697917,0,False
995,/home/mike/Downloads/train_1/1_381_0.mat,0.999776041667,0,True
996,/home/mike/Downloads/train_1/1_984_0.mat,0.903661979167,0,False
997,/home/mike/Downloads/train_1/1_319_0.mat,0.999903385417,0,True
998,/home/mike/Downloads/train_1/1_1084_0.mat,0.843211197917,0,False
999,/home/mike/Downloads/train_1/1_25_0.mat,0.24948671875,0,False
1000,/home/mike/Downloads/train_1/1_739_0.mat,0.995893229167,0,True
1001,/home/mike/Downloads/train_1/1_998_0.mat,0.9997515625,0,True
1002,/home/mike/Downloads/train_1/1_265_0.mat,0.99985390625,0,True
1003,/home/mike/Downloads/train_1/1_808_0.mat,0.829964322917,0,False
1004,/home/mike/Downloads/train_1/1_1000_0.mat,0.999769010417,0,True
1005,/home/mike/Downloads/train_1/1_121_0.mat,0.999812239583,0,True
1006,/home/mike/Downloads/train_1/1_1053_0.mat,0.999865364583,0,True
1007,/home/mike/Downloads/train_1/1_685_0.mat,0.98261015625,0,True
1008,/home/mike/Downloads/train_1/1_21_0.mat,0.95360546875,0,True
1009,/home/mike/Downloads/train_1/1_508_0.mat,0.99980703125,0,True
1010,/home/mike/Downloads/train_1/1_351_0.mat,0.999874479167,0,True
1011,/home/mike/Downloads/train_1/1_363_0.mat,0.999929947917,0,True
1012,/home/mike/Downloads/train_1/1_725_0.mat,0.22473984375,0,False
1013,/home/mike/Downloads/train_1/1_868_0.mat,0.695491145833,0,False
1014,/home/mike/Downloads/train_1/1_820_0.mat,0.999745052083,0,True
1015,/home/mike/Downloads/train_1/1_963_0.mat,0.669924479167,0,False
1016,/home/mike/Downloads/train_1/1_472_0.mat,0.9997984375,0,True
1017,/home/mike/Downloads/train_1/1_501_0.mat,0.999769791667,0,True
1018,/home/mike/Downloads/train_1/1_38_0.mat,0.971117708333,0,True
1019,/home/mike/Downloads/train_1/1_398_0.mat,0.834290104167,0,False
1020,/home/mike/Downloads/train_1/1_872_0.mat,0.99993203125,0,True
1021,/home/mike/Downloads/train_1/1_640_0.mat,0.968810677083,0,True
1022,/home/mike/Downloads/train_1/1_744_0.mat,0.831340885417,0,False
1023,/home/mike/Downloads/train_1/1_880_0.mat,0.999848958333,0,True
1024,/home/mike/Downloads/train_1/1_698_0.mat,0.993854427083,0,True
1025,/home/mike/Downloads/train_1/1_452_0.mat,0.86275234375,0,False
1026,/home/mike/Downloads/train_1/1_72_0.mat,0.99973671875,0,True
1027,/home/mike/Downloads/train_1/1_118_0.mat,0.99982890625,0,True
1028,/home/mike/Downloads/train_1/1_364_0.mat,0.99993984375,0,True
1029,/home/mike/Downloads/train_1/1_390_0.mat,0.616763802083,0,False
1030,/home/mike/Downloads/train_1/1_202_0.mat,0.999925520833,0,True
1031,/home/mike/Downloads/train_1/1_695_0.mat,0.999859635417,0,True
1032,/home/mike/Downloads/train_1/1_191_0.mat,0.999882291667,0,True
1033,/home/mike/Downloads/train_1/1_33_0.mat,0.997912760417,0,True
1034,/home/mike/Downloads/train_1/1_294_0.mat,0.99989296875,0,True
1035,/home/mike/Downloads/train_1/1_6_0.mat,0.895428125,0,False
1036,/home/mike/Downloads/train_1/1_258_0.mat,0.999777083333,0,True
1037,/home/mike/Downloads/train_1/1_985_0.mat,0.732526302083,0,False
1038,/home/mike/Downloads/train_1/1_589_0.mat,0.99785,0,True
1039,/home/mike/Downloads/train_1/1_43_0.mat,0.999768489583,0,True
1040,/home/mike/Downloads/train_1/1_707_0.mat,0.9999234375,0,True
1041,/home/mike/Downloads/train_1/1_137_0.mat,0.999940364583,0,True
1042,/home/mike/Downloads/train_1/1_205_0.mat,0.99988671875,0,True
1043,/home/mike/Downloads/train_1/1_281_0.mat,0.99976484375,0,True
1044,/home/mike/Downloads/train_1/1_66_0.mat,0.99975703125,0,True
1045,/home/mike/Downloads/train_1/1_174_0.mat,0.999615885417,0,True
1046,/home/mike/Downloads/train_1/1_749_0.mat,0.886721614583,0,False
1047,/home/mike/Downloads/train_1/1_1113_0.mat,0.12020546875,0,False
1048,/home/mike/Downloads/train_1/1_870_0.mat,0.865125260417,0,False
1049,/home/mike/Downloads/train_1/1_1144_0.mat,0.985825,0,True
1050,/home/mike/Downloads/train_1/1_973_0.mat,0.795513541667,0,False
1051,/home/mike/Downloads/train_1/1_83_0.mat,0.999751041667,0,True
1052,/home/mike/Downloads/train_1/1_295_0.mat,0.999915364583,0,True
1053,/home/mike/Downloads/train_1/1_862_0.mat,0.999789583333,0,True
1054,/home/mike/Downloads/train_1/1_703_0.mat,0.99987578125,0,True
1055,/home/mike/Downloads/train_1/1_491_0.mat,0.999866145833,0,True
1056,/home/mike/Downloads/train_1/1_666_0.mat,0.999938020833,0,True
1057,/home/mike/Downloads/train_1/1_160_0.mat,0.99989453125,0,True
1058,/home/mike/Downloads/train_1/1_412_0.mat,0.887598697917,0,False
1059,/home/mike/Downloads/train_1/1_561_0.mat,0.9997625,0,True
1060,/home/mike/Downloads/train_1/1_69_0.mat,0.948248697917,0,False
1061,/home/mike/Downloads/train_1/1_432_0.mat,0.9996546875,0,True
1062,/home/mike/Downloads/train_1/1_839_0.mat,0.992477083333,0,True
1063,/home/mike/Downloads/train_1/1_938_0.mat,0.586523958333,0,False
1064,/home/mike/Downloads/train_1/1_467_0.mat,0.999849739583,0,True
1065,/home/mike/Downloads/train_1/1_769_0.mat,0.999920052083,0,True
1066,/home/mike/Downloads/train_1/1_520_0.mat,0.999861458333,0,True
1067,/home/mike/Downloads/train_1/1_899_0.mat,0.99977109375,0,True
1068,/home/mike/Downloads/train_1/1_532_0.mat,0.999805729167,0,True
1069,/home/mike/Downloads/train_1/1_126_0.mat,0.999915885417,0,True
1070,/home/mike/Downloads/train_1/1_789_0.mat,0.999542447917,0,True
1071,/home/mike/Downloads/train_1/1_1057_0.mat,0.999877864583,0,True
1072,/home/mike/Downloads/train_1/1_732_0.mat,0.424313802083,0,False
1073,/home/mike/Downloads/train_1/1_171_0.mat,0.993110416667,0,True
1074,/home/mike/Downloads/train_1/1_665_0.mat,0.999926822917,0,True
1075,/home/mike/Downloads/train_1/1_102_0.mat,0.999759895833,0,True
1076,/home/mike/Downloads/train_1/1_587_0.mat,0.999917447917,0,True
1077,/home/mike/Downloads/train_1/1_1011_0.mat,0.999776302083,0,True
1078,/home/mike/Downloads/train_1/1_605_0.mat,0.999831510417,0,True
1079,/home/mike/Downloads/train_1/1_492_0.mat,0.9998234375,0,True
1080,/home/mike/Downloads/train_1/1_158_0.mat,0.999907291667,0,True
1081,/home/mike/Downloads/train_1/1_618_0.mat,0.962975,0,True
1082,/home/mike/Downloads/train_1/1_360_0.mat,0.9999484375,0,True
1083,/home/mike/Downloads/train_1/1_831_0.mat,0.9569390625,0,True
1084,/home/mike/Downloads/train_1/1_911_0.mat,0.997927604167,0,True
1085,/home/mike/Downloads/train_1/1_641_0.mat,0.98635546875,0,True
1086,/home/mike/Downloads/train_1/1_904_0.mat,0.08014296875,0,False
1087,/home/mike/Downloads/train_1/1_743_0.mat,0.9941703125,0,True
1088,/home/mike/Downloads/train_1/1_931_0.mat,0.999795052083,0,True
1089,/home/mike/Downloads/train_1/1_213_0.mat,0.999907552083,0,True
1090,/home/mike/Downloads/train_1/1_133_0.mat,0.999930989583,0,True
1091,/home/mike/Downloads/train_1/1_337_0.mat,0.475071614583,0,False
1092,/home/mike/Downloads/train_1/1_819_0.mat,0.999836197917,0,True
1093,/home/mike/Downloads/train_1/1_1021_0.mat,0.91444375,0,False
1094,/home/mike/Downloads/train_1/1_892_0.mat,0.99973359375,0,True
1095,/home/mike/Downloads/train_1/1_221_0.mat,0.999794270833,0,True
1096,/home/mike/Downloads/train_1/1_676_0.mat,0.98844453125,0,True
1097,/home/mike/Downloads/train_1/1_974_0.mat,0.00124973958333,0,False
1098,/home/mike/Downloads/train_1/1_551_0.mat,0.47374140625,0,False
1099,/home/mike/Downloads/train_1/1_254_0.mat,0.999769270833,0,True
1100,/home/mike/Downloads/train_1/1_263_0.mat,0.999745833333,0,True
1101,/home/mike/Downloads/train_1/1_733_0.mat,0.884444791667,0,False
1102,/home/mike/Downloads/train_1/1_127_0.mat,0.9999140625,0,True
1103,/home/mike/Downloads/train_1/1_385_0.mat,0.999826822917,0,True
1104,/home/mike/Downloads/train_1/1_967_0.mat,0.999836979167,0,True
1105,/home/mike/Downloads/train_1/1_1079_0.mat,0.77837109375,0,False
1106,/home/mike/Downloads/train_1/1_366_0.mat,0.999932291667,0,True
1107,/home/mike/Downloads/train_1/1_970_0.mat,0.995972395833,0,True
1108,/home/mike/Downloads/train_1/1_505_0.mat,0.9804234375,0,True
1109,/home/mike/Downloads/train_1/1_1099_0.mat,0.999868229167,0,True
1110,/home/mike/Downloads/train_1/1_699_0.mat,0.999840104167,0,True
1111,/home/mike/Downloads/train_1/1_1074_0.mat,0.534123958333,0,False
1112,/home/mike/Downloads/train_1/1_296_0.mat,0.999924739583,0,True
1113,/home/mike/Downloads/train_1/1_152_0.mat,0.999889322917,0,True
1114,/home/mike/Downloads/train_1/1_529_0.mat,0.999803385417,0,True
1115,/home/mike/Downloads/train_1/1_751_0.mat,0.92527265625,0,False
1116,/home/mike/Downloads/train_1/1_1081_0.mat,0.999737760417,0,True
1117,/home/mike/Downloads/train_1/1_376_0.mat,0.999904947917,0,True
1118,/home/mike/Downloads/train_1/1_1111_0.mat,0.999970572917,0,True
1119,/home/mike/Downloads/train_1/1_511_0.mat,0.930443229167,0,False
1120,/home/mike/Downloads/train_1/1_266_0.mat,0.999799739583,0,True
1121,/home/mike/Downloads/train_1/1_252_0.mat,0.999725,0,True
1122,/home/mike/Downloads/train_1/1_856_0.mat,0.93324140625,0,False
1123,/home/mike/Downloads/train_1/1_555_0.mat,0.999777083333,0,True
1124,/home/mike/Downloads/train_1/1_494_0.mat,0.999853385417,0,True
1125,/home/mike/Downloads/train_1/1_795_0.mat,0.99988828125,0,True
1126,/home/mike/Downloads/train_1/1_726_0.mat,0.0508166666667,0,False
1127,/home/mike/Downloads/train_1/1_718_0.mat,0.999842708333,0,True
1128,/home/mike/Downloads/train_1/1_886_0.mat,0.95145625,0,True
1129,/home/mike/Downloads/train_1/1_2_0.mat,0.995925,0,True
1130,/home/mike/Downloads/train_1/1_1145_0.mat,0.99981796875,0,True
1131,/home/mike/Downloads/train_1/1_341_0.mat,0.99978828125,0,True
1132,/home/mike/Downloads/train_1/1_97_0.mat,0.0,0,False
1133,/home/mike/Downloads/train_1/1_399_0.mat,0.984477604167,0,True
1134,/home/mike/Downloads/train_1/1_1131_0.mat,0.366021354167,0,False
1135,/home/mike/Downloads/train_1/1_697_0.mat,0.999898697917,0,True
1136,/home/mike/Downloads/train_1/1_1022_0.mat,0.706964583333,0,False
1137,/home/mike/Downloads/train_1/1_522_0.mat,0.9861765625,0,True
1138,/home/mike/Downloads/train_1/1_975_0.mat,0.590904427083,0,False
1139,/home/mike/Downloads/train_1/1_387_0.mat,0.999752083333,0,True
1140,/home/mike/Downloads/train_1/1_168_0.mat,0.999907552083,0,True
1141,/home/mike/Downloads/train_1/1_146_0.mat,0.999827083333,0,True
1142,/home/mike/Downloads/train_1/1_128_0.mat,0.999914322917,0,True
1143,/home/mike/Downloads/train_1/1_257_0.mat,0.999797395833,0,True
1144,/home/mike/Downloads/train_1/1_375_0.mat,0.999852604167,0,True
1145,/home/mike/Downloads/train_1/1_358_0.mat,0.9999375,0,True
1146,/home/mike/Downloads/train_1/1_176_0.mat,0.999898177083,0,True
1147,/home/mike/Downloads/train_1/1_603_0.mat,0.999816927083,0,True
1148,/home/mike/Downloads/train_1/1_552_0.mat,0.631848958333,0,False
1149,/home/mike/Downloads/train_1/1_493_0.mat,0.999869791667,0,True
1150,/home/mike/Downloads/train_1/1_507_0.mat,0.999804166667,0,True
1151,/home/mike/Downloads/train_1/1_355_0.mat,0.99992734375,0,True
1152,/home/mike/Downloads/train_1/1_49_1.mat,0.963411979167,1,True
1153,/home/mike/Downloads/train_1/1_93_1.mat,0.99992265625,1,True
1154,/home/mike/Downloads/train_1/1_4_1.mat,0.982304427083,1,True
1155,/home/mike/Downloads/train_1/1_100_1.mat,0.992267447917,1,True
1156,/home/mike/Downloads/train_1/1_44_1.mat,0.954073958333,1,True
1157,/home/mike/Downloads/train_1/1_47_1.mat,0.897446875,1,False
1158,/home/mike/Downloads/train_1/1_41_1.mat,0.9999375,1,True
1159,/home/mike/Downloads/train_1/1_53_1.mat,0.982393229167,1,True
1160,/home/mike/Downloads/train_1/1_19_1.mat,0.999939583333,1,True
1161,/home/mike/Downloads/train_1/1_122_1.mat,0.288227864583,1,False
1162,/home/mike/Downloads/train_1/1_23_1.mat,0.999909114583,1,True
1163,/home/mike/Downloads/train_1/1_30_1.mat,0.993163020833,1,True
1164,/home/mike/Downloads/train_1/1_132_1.mat,0.999788020833,1,True
1165,/home/mike/Downloads/train_1/1_78_1.mat,0.999926041667,1,True
1166,/home/mike/Downloads/train_1/1_124_1.mat,0.690269791667,1,False
1167,/home/mike/Downloads/train_1/1_16_1.mat,0.999890625,1,True
1168,/home/mike/Downloads/train_1/1_40_1.mat,0.999938541667,1,True
1169,/home/mike/Downloads/train_1/1_10_1.mat,0.9998515625,1,True
1170,/home/mike/Downloads/train_1/1_31_1.mat,0.999788020833,1,True
1171,/home/mike/Downloads/train_1/1_33_1.mat,0.999854427083,1,True
1172,/home/mike/Downloads/train_1/1_116_1.mat,0.622796875,1,False
1173,/home/mike/Downloads/train_1/1_143_1.mat,0.999838802083,1,True
1174,/home/mike/Downloads/train_1/1_21_1.mat,0.999929166667,1,True
1175,/home/mike/Downloads/train_1/1_121_1.mat,0.0,1,False
1176,/home/mike/Downloads/train_1/1_94_1.mat,0.996151041667,1,True
1177,/home/mike/Downloads/train_1/1_54_1.mat,0.99176015625,1,True
1178,/home/mike/Downloads/train_1/1_111_1.mat,0.990336458333,1,True
1179,/home/mike/Downloads/train_1/1_102_1.mat,0.991705729167,1,True
1180,/home/mike/Downloads/train_1/1_99_1.mat,0.37722421875,1,False
1181,/home/mike/Downloads/train_1/1_141_1.mat,0.999886197917,1,True
1182,/home/mike/Downloads/train_1/1_83_1.mat,0.999873177083,1,True
1183,/home/mike/Downloads/train_1/1_65_1.mat,0.0329677083333,1,False
1184,/home/mike/Downloads/train_1/1_26_1.mat,0.999902604167,1,True
1185,/home/mike/Downloads/train_1/1_67_1.mat,0.995898958333,1,True
1186,/home/mike/Downloads/train_1/1_145_1.mat,0.418859114583,1,False
1187,/home/mike/Downloads/train_1/1_14_1.mat,0.999902083333,1,True
1188,/home/mike/Downloads/train_1/1_103_1.mat,0.999752864583,1,True
1189,/home/mike/Downloads/train_1/1_20_1.mat,0.999946354167,1,True
1190,/home/mike/Downloads/train_1/1_32_1.mat,0.99980546875,1,True
1191,/home/mike/Downloads/train_1/1_50_1.mat,0.976384895833,1,True
1192,/home/mike/Downloads/train_1/1_66_1.mat,0.938274739583,1,False
1193,/home/mike/Downloads/train_1/1_84_1.mat,0.9998734375,1,True
1194,/home/mike/Downloads/train_1/1_79_1.mat,0.99214296875,1,True
1195,/home/mike/Downloads/train_1/1_131_1.mat,0.970009375,1,True
1196,/home/mike/Downloads/train_1/1_120_1.mat,0.999952604167,1,True
1197,/home/mike/Downloads/train_1/1_72_1.mat,0.999896354167,1,True
1198,/home/mike/Downloads/train_1/1_81_1.mat,0.99987734375,1,True
1199,/home/mike/Downloads/train_1/1_60_1.mat,0.68453828125,1,False
1200,/home/mike/Downloads/train_1/1_9_1.mat,0.9998546875,1,True
1201,/home/mike/Downloads/train_1/1_98_1.mat,0.0,1,False
1202,/home/mike/Downloads/train_1/1_138_1.mat,0.497201822917,1,False
1203,/home/mike/Downloads/train_1/1_11_1.mat,0.999852864583,1,True
1204,/home/mike/Downloads/train_1/1_76_1.mat,0.99991328125,1,True
1205,/home/mike/Downloads/train_1/1_126_1.mat,0.0272932291667,1,False
1206,/home/mike/Downloads/train_1/1_82_1.mat,0.999869270833,1,True
1207,/home/mike/Downloads/train_1/1_58_1.mat,0.0,1,False
1208,/home/mike/Downloads/train_1/1_135_1.mat,0.42058359375,1,False
1209,/home/mike/Downloads/train_1/1_95_1.mat,0.999913020833,1,True
1210,/home/mike/Downloads/train_1/1_5_1.mat,0.988562760417,1,True
1211,/home/mike/Downloads/train_1/1_64_1.mat,0.0,1,False
1212,/home/mike/Downloads/train_1/1_97_1.mat,0.0,1,False
1213,/home/mike/Downloads/train_1/1_125_1.mat,0.217669270833,1,False
1214,/home/mike/Downloads/train_1/1_144_1.mat,0.985940885417,1,True
1215,/home/mike/Downloads/train_1/1_2_1.mat,0.982700520833,1,True
1216,/home/mike/Downloads/train_1/1_29_1.mat,0.999907552083,1,True
1217,/home/mike/Downloads/train_1/1_22_1.mat,0.99993046875,1,True
1218,/home/mike/Downloads/train_1/1_118_1.mat,0.93928203125,1,False
1219,/home/mike/Downloads/train_1/1_8_1.mat,0.983759635417,1,True
1220,/home/mike/Downloads/train_1/1_106_1.mat,0.42449609375,1,False
1221,/home/mike/Downloads/train_1/1_73_1.mat,0.999912239583,1,True
1222,/home/mike/Downloads/train_1/1_133_1.mat,0.70842578125,1,False
1223,/home/mike/Downloads/train_1/1_56_1.mat,0.99993046875,1,True
1224,/home/mike/Downloads/train_1/1_87_1.mat,0.999879947917,1,True
1225,/home/mike/Downloads/train_1/1_149_1.mat,0.27349765625,1,False
1226,/home/mike/Downloads/train_1/1_35_1.mat,0.999787760417,1,True
1227,/home/mike/Downloads/train_1/1_142_1.mat,0.999947135417,1,True
1228,/home/mike/Downloads/train_1/1_75_1.mat,0.999887760417,1,True
1229,/home/mike/Downloads/train_1/1_114_1.mat,0.999558072917,1,True
1230,/home/mike/Downloads/train_1/1_96_1.mat,0.99991953125,1,True
1231,/home/mike/Downloads/train_1/1_107_1.mat,0.0362455729167,1,False
1232,/home/mike/Downloads/train_1/1_24_1.mat,0.999910416667,1,True
1233,/home/mike/Downloads/train_1/1_147_1.mat,0.434876302083,1,False
1234,/home/mike/Downloads/train_1/1_117_1.mat,0.65186796875,1,False
1235,/home/mike/Downloads/train_1/1_51_1.mat,0.963229947917,1,True
1236,/home/mike/Downloads/train_1/1_42_1.mat,0.999939583333,1,True
1237,/home/mike/Downloads/train_1/1_108_1.mat,0.245660677083,1,False
1238,/home/mike/Downloads/train_1/1_55_1.mat,0.999936197917,1,True
1239,/home/mike/Downloads/train_1/1_123_1.mat,0.984933072917,1,True
1240,/home/mike/Downloads/train_1/1_28_1.mat,0.99990078125,1,True
1241,/home/mike/Downloads/train_1/1_127_1.mat,0.873740104167,1,False
1242,/home/mike/Downloads/train_1/1_148_1.mat,0.0,1,False
1243,/home/mike/Downloads/train_1/1_13_1.mat,0.974070833333,1,True
1244,/home/mike/Downloads/train_1/1_137_1.mat,0.620334114583,1,False
1245,/home/mike/Downloads/train_1/1_80_1.mat,0.999855208333,1,True
1246,/home/mike/Downloads/train_1/1_27_1.mat,0.999916145833,1,True
1247,/home/mike/Downloads/train_1/1_37_1.mat,0.99991484375,1,True
1248,/home/mike/Downloads/train_1/1_46_1.mat,0.9597125,1,True
1249,/home/mike/Downloads/train_1/1_112_1.mat,0.990097916667,1,True
1250,/home/mike/Downloads/train_1/1_70_1.mat,0.56393671875,1,False
1251,/home/mike/Downloads/train_1/1_48_1.mat,0.99015234375,1,True
1252,/home/mike/Downloads/train_1/1_92_1.mat,0.999888020833,1,True
1253,/home/mike/Downloads/train_1/1_62_1.mat,0.0,1,False
1254,/home/mike/Downloads/train_1/1_39_1.mat,0.999912760417,1,True
1255,/home/mike/Downloads/train_1/1_71_1.mat,0.99990390625,1,True
1256,/home/mike/Downloads/train_1/1_59_1.mat,0.608478385417,1,False
1257,/home/mike/Downloads/train_1/1_136_1.mat,0.416802604167,1,False
1258,/home/mike/Downloads/train_1/1_1_1.mat,0.98289453125,1,True
1259,/home/mike/Downloads/train_1/1_104_1.mat,0.993901302083,1,True
1260,/home/mike/Downloads/train_1/1_139_1.mat,0.999870572917,1,True
1261,/home/mike/Downloads/train_1/1_77_1.mat,0.997844791667,1,True
1262,/home/mike/Downloads/train_1/1_128_1.mat,0.693825260417,1,False
1263,/home/mike/Downloads/train_1/1_68_1.mat,0.978400520833,1,True
1264,/home/mike/Downloads/train_1/1_140_1.mat,0.999927864583,1,True
1265,/home/mike/Downloads/train_1/1_38_1.mat,0.999947395833,1,True
1266,/home/mike/Downloads/train_1/1_119_1.mat,0.999945572917,1,True
1267,/home/mike/Downloads/train_1/1_69_1.mat,0.6148515625,1,False
1268,/home/mike/Downloads/train_1/1_6_1.mat,0.948734635417,1,False
1269,/home/mike/Downloads/train_1/1_15_1.mat,0.986143489583,1,True
1270,/home/mike/Downloads/train_1/1_88_1.mat,0.996087760417,1,True
1271,/home/mike/Downloads/train_1/1_18_1.mat,0.999903385417,1,True
1272,/home/mike/Downloads/train_1/1_63_1.mat,0.0,1,False
1273,/home/mike/Downloads/train_1/1_150_1.mat,0.999540625,1,True
1274,/home/mike/Downloads/train_1/1_115_1.mat,0.977997916667,1,True
1275,/home/mike/Downloads/train_1/1_91_1.mat,0.999874479167,1,True
1276,/home/mike/Downloads/train_1/1_113_1.mat,0.999693229167,1,True
1277,/home/mike/Downloads/train_1/1_134_1.mat,0.820707291667,1,False
1278,/home/mike/Downloads/train_1/1_74_1.mat,0.999932552083,1,True
1279,/home/mike/Downloads/train_1/1_129_1.mat,0.999737760417,1,True
1280,/home/mike/Downloads/train_1/1_105_1.mat,0.51185859375,1,False
1281,/home/mike/Downloads/train_1/1_36_1.mat,0.999761458333,1,True
1282,/home/mike/Downloads/train_1/1_110_1.mat,0.980717447917,1,True
1283,/home/mike/Downloads/train_1/1_57_1.mat,0.424138541667,1,False
1284,/home/mike/Downloads/train_1/1_130_1.mat,0.386579166667,1,False
1285,/home/mike/Downloads/train_1/1_101_1.mat,0.871014322917,1,False
1286,/home/mike/Downloads/train_1/1_86_1.mat,0.9998421875,1,True
1287,/home/mike/Downloads/train_1/1_7_1.mat,0.930066666667,1,False
1288,/home/mike/Downloads/train_1/1_3_1.mat,0.943771875,1,False
1289,/home/mike/Downloads/train_1/1_85_1.mat,0.6499296875,1,False
1290,/home/mike/Downloads/train_1/1_109_1.mat,0.999869791667,1,True
1291,/home/mike/Downloads/train_1/1_61_1.mat,0.0,1,False
1292,/home/mike/Downloads/train_1/1_89_1.mat,0.999860416667,1,True
1293,/home/mike/Downloads/train_1/1_17_1.mat,0.999896875,1,True
1294,/home/mike/Downloads/train_1/1_25_1.mat,0.99989375,1,True
1295,/home/mike/Downloads/train_1/1_34_1.mat,0.999838541667,1,True
1296,/home/mike/Downloads/train_1/1_43_1.mat,0.884291666667,1,False
1297,/home/mike/Downloads/train_1/1_90_1.mat,0.999817447917,1,True
1298,/home/mike/Downloads/train_1/1_52_1.mat,0.9691015625,1,True
1299,/home/mike/Downloads/train_1/1_146_1.mat,0.9107125,1,False
1300,/home/mike/Downloads/train_1/1_12_1.mat,0.99983203125,1,True
